This is XeTeX, Version 3.141592653-2.6-0.999997 (TeX Live 2025) (preloaded format=xelatex 2025.11.13)  14 NOV 2025 09:52
entering extended mode
 restricted \write18 enabled.
 %&-line parsing enabled.
**main.tex
(./main.tex
LaTeX2e <2025-11-01>
L3 programming layer <2025-10-24>
(./setup.tex (./vkr.cls
Document Class: vkr VKR class
(c:/texlive/2025/texmf-dist/tex/latex/fontspec/fontspec.sty
(c:/texlive/2025/texmf-dist/tex/latex/l3packages/xparse/xparse.sty
(c:/texlive/2025/texmf-dist/tex/latex/l3kernel/expl3.sty
Package: expl3 2025-10-24 L3 programming layer (loader) 

(c:/texlive/2025/texmf-dist/tex/latex/l3backend/l3backend-xetex.def
File: l3backend-xetex.def 2025-10-09 L3 backend support: XeTeX
\g__graphics_track_int=\count271
\g__pdfannot_backend_int=\count272
\g__pdfannot_backend_link_int=\count273
))
Package: xparse 2025-10-09 L3 Experimental document command parser
)
Package: fontspec 2025/09/29 v2.9g Font selection for XeLaTeX and LuaLaTeX

(c:/texlive/2025/texmf-dist/tex/latex/fontspec/fontspec-xetex.sty
Package: fontspec-xetex 2025/09/29 v2.9g Font selection for XeLaTeX and LuaLaTe
X
\l__fontspec_script_int=\count274
\l__fontspec_language_int=\count275
\l__fontspec_strnum_int=\count276
\l__fontspec_tmp_int=\count277
\l__fontspec_tmpa_int=\count278
\l__fontspec_tmpb_int=\count279
\l__fontspec_tmpc_int=\count280
\l__fontspec_em_int=\count281
\l__fontspec_emdef_int=\count282
\l__fontspec_strong_int=\count283
\l__fontspec_strongdef_int=\count284
\l__fontspec_tmpa_dim=\dimen148
\l__fontspec_tmpb_dim=\dimen149
\l__fontspec_tmpc_dim=\dimen150

(c:/texlive/2025/texmf-dist/tex/latex/base/fontenc.sty
Package: fontenc 2025/07/18 v2.1d Standard LaTeX package
)
(c:/texlive/2025/texmf-dist/tex/latex/fontspec/fontspec.cfg)))

Package fontspec Info: 
(fontspec)             Font family 'TimesNewRoman(0)' created for font 'Times
(fontspec)             New Roman' with options [Ligatures=TeX].
(fontspec)              
(fontspec)              This font family consists of the following NFSS
(fontspec)             series/shapes:
(fontspec)              
(fontspec)             - 'normal' (m/n) with NFSS spec.: <->"Times New
(fontspec)             Roman/OT:script=latn;language=dflt;mapping=tex-text;"
(fontspec)             - 'small caps'  (m/sc) with NFSS spec.: <->"Times New
(fontspec)             Roman/OT:script=latn;language=dflt;+smcp;mapping=tex-tex
t;"
(fontspec)             - 'bold' (b/n) with NFSS spec.: <->"Times New
(fontspec)             Roman/B/OT:script=latn;language=dflt;mapping=tex-text;"
(fontspec)             - 'bold small caps'  (b/sc) with NFSS spec.: <->"Times
(fontspec)             New
(fontspec)             Roman/B/OT:script=latn;language=dflt;+smcp;mapping=tex-t
ext;"
(fontspec)             - 'italic' (m/it) with NFSS spec.: <->"Times New
(fontspec)             Roman/I/OT:script=latn;language=dflt;mapping=tex-text;"
(fontspec)             - 'italic small caps'  (m/scit) with NFSS spec.:
(fontspec)             <->"Times New
(fontspec)             Roman/I/OT:script=latn;language=dflt;+smcp;mapping=tex-t
ext;"
(fontspec)             - 'bold italic' (b/it) with NFSS spec.: <->"Times New
(fontspec)             Roman/BI/OT:script=latn;language=dflt;mapping=tex-text;"

(fontspec)             - 'bold italic small caps'  (b/scit) with NFSS spec.:
(fontspec)             <->"Times New
(fontspec)             Roman/BI/OT:script=latn;language=dflt;+smcp;mapping=tex-
text;"

\pagetop=\skip49
\pagebottom=\skip50
\pageleft=\skip51
\pageright=\skip52
\pwidth=\skip53
\pheight=\skip54
\saved@arstrutbox=\box53
\c@section=\count285
\c@subsection=\count286
\c@subsubsection=\count287
\c@paragraph=\count288
\c@figure=\count289
\c@figurecnt=\count290
\abovecaptionskip=\skip55
\belowcaptionskip=\skip56
\c@table=\count291
\c@tablecnt=\count292
\c@lastpage=\count293
\c@числоПлакатов=\count294
\c@bibcount=\count295
)
(c:/texlive/2025/texmf-dist/tex/latex/tools/array.sty
Package: array 2025/09/25 v2.6n Tabular extension package (FMi)
\col@sep=\dimen151
\ar@mcellbox=\box54
\extrarowheight=\dimen152
\NC@list=\toks17
\extratabsurround=\skip57
\backup@length=\skip58
\ar@cellbox=\box55
)
(c:/texlive/2025/texmf-dist/tex/latex/tools/tabularx.sty
Package: tabularx 2023/12/11 v2.12a `tabularx' package (DPC)
\TX@col@width=\dimen153
\TX@old@table=\dimen154
\TX@old@col=\dimen155
\TX@target=\dimen156
\TX@delta=\dimen157
\TX@cols=\count296
\TX@ftn=\toks18
)
(c:/texlive/2025/texmf-dist/tex/latex/tools/longtable.sty
Package: longtable 2025-10-13 v4.24 Multi-page Table package (DPC)
\LTleft=\skip59
\LTright=\skip60
\LTpre=\skip61
\LTpost=\skip62
\LTchunksize=\count297
\LTcapwidth=\dimen158
\LT@head=\box56
\LT@firsthead=\box57
\LT@foot=\box58
\LT@lastfoot=\box59
\LT@gbox=\box60
\LT@cols=\count298
\LT@rows=\count299
\c@LT@tables=\count300
\c@LT@chunks=\count301
\LT@p@ftn=\toks19
)
(c:/texlive/2025/texmf-dist/tex/latex/multirow/multirow.sty
Package: multirow 2024/11/12 v2.9 Span multiple rows of a table
\multirow@colwidth=\skip63
\multirow@cntb=\count302
\multirow@dima=\skip64
\bigstrutjot=\dimen159
)
(c:/texlive/2025/texmf-dist/tex/latex/booktabs/booktabs.sty
Package: booktabs 2020/01/12 v1.61803398 Publication quality tables
\heavyrulewidth=\dimen160
\lightrulewidth=\dimen161
\cmidrulewidth=\dimen162
\belowrulesep=\dimen163
\belowbottomsep=\dimen164
\aboverulesep=\dimen165
\abovetopsep=\dimen166
\cmidrulesep=\dimen167
\cmidrulekern=\dimen168
\defaultaddspace=\dimen169
\@cmidla=\count303
\@cmidlb=\count304
\@aboverulesep=\dimen170
\@belowrulesep=\dimen171
\@thisruleclass=\count305
\@lastruleclass=\count306
\@thisrulewidth=\dimen172
)
(c:/texlive/2025/texmf-dist/tex/latex/caption/caption.sty
Package: caption 2023/08/05 v3.6o Customizing captions (AR)

(c:/texlive/2025/texmf-dist/tex/latex/caption/caption3.sty
Package: caption3 2023/07/31 v2.4d caption3 kernel (AR)

(c:/texlive/2025/texmf-dist/tex/latex/graphics/keyval.sty
Package: keyval 2022/05/29 v1.15 key=value parser (DPC)
\KV@toks@=\toks20
)
\caption@tempdima=\dimen173
\captionmargin=\dimen174
\caption@leftmargin=\dimen175
\caption@rightmargin=\dimen176
\caption@width=\dimen177
\caption@indent=\dimen178
\caption@parindent=\dimen179
\caption@hangindent=\dimen180
Package caption Info: Unknown document class (or package),
(caption)             standard defaults will be used.
Package caption Info: \@makecaption = \long macro:#1#2->\vskip \abovecaptionski
p \sbox \@tempboxa {#1 -- #2}\ifdim \wd \@tempboxa >\hsize #1 -- #2\par \else \
global \@minipagefalse \if \instring {Таб}{#1} \hb@xt@ \hsize {\box \@tempboxa 
\hfil }\else \hb@xt@ \hsize {\hfil \box \@tempboxa \hfil }\fi \fi \vskip \below
captionskip  on input line 1175.
)

Package caption Warning: Unknown document class (or package),
(caption)                standard defaults will be used.
See the caption package documentation for explanation.

\c@caption@flags=\count307
\c@continuedfloat=\count308
Package caption Info: longtable package is loaded.
(c:/texlive/2025/texmf-dist/tex/latex/caption/ltcaption.sty
Package: ltcaption 2021/01/08 v1.4c longtable captions (AR)
))
(c:/texlive/2025/texmf-dist/tex/latex/float/float.sty
Package: float 2001/11/08 v1.3d Float enhancements (AL)
\c@float@type=\count309
\float@exts=\toks21
\float@box=\box61
\@float@everytoks=\toks22
\@floatcapt=\box62
)
(c:/texlive/2025/texmf-dist/tex/generic/babel/babel.sty
Package: babel 2025/11/09 v25.15 The multilingual framework for LuaLaTeX, pdfLa
TeX and XeLaTeX
\babel@savecnt=\count310
LaTeX Encoding Info:    Redeclaring text command \ij (encoding OT1) on input li
ne 2050.
LaTeX Encoding Info:    Redeclaring text command \IJ (encoding OT1) on input li
ne 2052.
LaTeX Encoding Info:    Redeclaring text command \ij (encoding T1) on input lin
e 2054.
LaTeX Encoding Info:    Redeclaring text command \IJ (encoding T1) on input lin
e 2055.
LaTeX Encoding Info:    Ignoring declaration for text command \ij (encoding ?) 
on input line 2056.
LaTeX Encoding Info:    Ignoring declaration for text command \IJ (encoding ?) 
on input line 2058.
LaTeX Encoding Info:    Ignoring declaration for text command \SS (encoding ?) 
on input line 2083.
\U@D=\dimen181
\l@unhyphenated=\language90

(c:/texlive/2025/texmf-dist/tex/generic/babel/xebabel.def)
\bbl@readstream=\read2
\bbl@dirlevel=\count311

(c:/texlive/2025/texmf-dist/tex/generic/babel/locale/en/babel-english.tex)
(c:/texlive/2025/texmf-dist/tex/generic/babel/locale/ru/babel-russian.tex)
Package babel Info: Importing font and identification data for english
(babel)             from babel-en.ini. Reported on input line 4298.

(c:/texlive/2025/texmf-dist/tex/generic/babel-english/english.ldf
Language: english 2017/06/06 v3.3r English support from the babel system
Package babel Info: Hyphen rules for 'canadian' set to \l@english
(babel)             (\language0). Reported on input line 102.
Package babel Info: Hyphen rules for 'australian' set to \l@ukenglish
(babel)             (\language22). Reported on input line 105.
Package babel Info: Hyphen rules for 'newzealand' set to \l@ukenglish
(babel)             (\language22). Reported on input line 108.
)
Package babel Info: Importing font and identification data for russian
(babel)             from babel-ru.ini. Reported on input line 4298.

(c:/texlive/2025/texmf-dist/tex/generic/babel-russian/russianb.ldf
File: russianb.ldf 2021/01/10 1.3m Russian support for the Babel system
Language: russian 2020/09/09 1.3k Russian support for the Babel system
Package babel Info: Making " an active character on input line 124.
Package babel Info: Default for \cyrdash is provided on input line 163.
))
(c:/texlive/2025/texmf-dist/tex/latex/base/inputenc.sty
Package: inputenc 2024/02/08 v1.3d Input encoding file
\inpenc@prehook=\toks23
\inpenc@posthook=\toks24


Package inputenc Warning: inputenc package ignored with utf8 based engines.

) (c:/texlive/2025/texmf-dist/tex/latex/base/fontenc.sty
Package: fontenc 2025/07/18 v2.1d Standard LaTeX package

(c:/texlive/2025/texmf-dist/tex/latex/cyrillic/t2aenc.def
File: t2aenc.def 2023/11/07 v1.0k Cyrillic encoding definition file
)
LaTeX Font Info:    Trying to load font information for T2A+TimesNewRoman(0) on
 input line 116.
LaTeX Font Info:    No file T2ATimesNewRoman(0).fd. on input line 116.
LaTeX Font Info:    Trying to load font information for T2A+cmr on input line 1
16.

(c:/texlive/2025/texmf-dist/tex/latex/cyrillic/t2acmr.fd
File: t2acmr.fd 2001/08/11 v1.0a Computer Modern Cyrillic font definitions
)

LaTeX Font Warning: Font shape `T2A/TimesNewRoman(0)/m/n' undefined
(Font)              using `T2A/cmr/m/n' instead on input line 116.

) (c:/texlive/2025/texmf-dist/tex/latex/amsmath/amsmath.sty
Package: amsmath 2025/07/09 v2.17z AMS math features
\@mathmargin=\skip65

For additional information on amsmath, use the `?' option.
(c:/texlive/2025/texmf-dist/tex/latex/amsmath/amstext.sty
Package: amstext 2024/11/17 v2.01 AMS text

(c:/texlive/2025/texmf-dist/tex/latex/amsmath/amsgen.sty
File: amsgen.sty 1999/11/30 v2.0 generic functions
\@emptytoks=\toks25
\ex@=\dimen182
))
(c:/texlive/2025/texmf-dist/tex/latex/amsmath/amsbsy.sty
Package: amsbsy 1999/11/29 v1.2d Bold Symbols
\pmbraise@=\dimen183
)
(c:/texlive/2025/texmf-dist/tex/latex/amsmath/amsopn.sty
Package: amsopn 2022/04/08 v2.04 operator names
)
\inf@bad=\count312
LaTeX Info: Redefining \frac on input line 233.
\uproot@=\count313
\leftroot@=\count314
LaTeX Info: Redefining \overline on input line 398.
LaTeX Info: Redefining \colon on input line 409.
\classnum@=\count315
\DOTSCASE@=\count316
LaTeX Info: Redefining \ldots on input line 495.
LaTeX Info: Redefining \dots on input line 498.
LaTeX Info: Redefining \cdots on input line 619.
\Mathstrutbox@=\box63
\strutbox@=\box64
LaTeX Info: Redefining \big on input line 721.
LaTeX Info: Redefining \Big on input line 722.
LaTeX Info: Redefining \bigg on input line 723.
LaTeX Info: Redefining \Bigg on input line 724.
\big@size=\dimen184
LaTeX Font Info:    Redeclaring font encoding OML on input line 742.
LaTeX Font Info:    Redeclaring font encoding OMS on input line 743.
\macc@depth=\count317
LaTeX Info: Redefining \bmod on input line 904.
LaTeX Info: Redefining \pmod on input line 909.
LaTeX Info: Redefining \smash on input line 939.
LaTeX Info: Redefining \relbar on input line 969.
LaTeX Info: Redefining \Relbar on input line 970.
\c@MaxMatrixCols=\count318
\dotsspace@=\muskip17
\c@parentequation=\count319
\dspbrk@lvl=\count320
\tag@help=\toks26
\row@=\count321
\column@=\count322
\maxfields@=\count323
\andhelp@=\toks27
\eqnshift@=\dimen185
\alignsep@=\dimen186
\tagshift@=\dimen187
\tagwidth@=\dimen188
\totwidth@=\dimen189
\lineht@=\dimen190
\@envbody=\toks28
\multlinegap=\skip66
\multlinetaggap=\skip67
\mathdisplay@stack=\toks29
LaTeX Info: Redefining \[ on input line 2950.
LaTeX Info: Redefining \] on input line 2951.
)
(c:/texlive/2025/texmf-dist/tex/latex/amsfonts/amssymb.sty
Package: amssymb 2013/01/14 v3.01 AMS font symbols

(c:/texlive/2025/texmf-dist/tex/latex/amsfonts/amsfonts.sty
Package: amsfonts 2013/01/14 v3.01 Basic AMSFonts support
\symAMSa=\mathgroup4
\symAMSb=\mathgroup5
LaTeX Font Info:    Redeclaring math symbol \hbar on input line 98.
LaTeX Font Info:    Overwriting math alphabet `\mathfrak' in version `bold'
(Font)                  U/euf/m/n --> U/euf/b/n on input line 106.
))
(c:/texlive/2025/texmf-dist/tex/latex/graphics/graphicx.sty
Package: graphicx 2024/12/31 v1.2e Enhanced LaTeX Graphics (DPC,SPQR)

(c:/texlive/2025/texmf-dist/tex/latex/graphics/graphics.sty
Package: graphics 2024/08/06 v1.4g Standard LaTeX Graphics (DPC,SPQR)

(c:/texlive/2025/texmf-dist/tex/latex/graphics/trig.sty
Package: trig 2023/12/02 v1.11 sin cos tan (DPC)
)
(c:/texlive/2025/texmf-dist/tex/latex/graphics-cfg/graphics.cfg
File: graphics.cfg 2016/06/04 v1.11 sample graphics configuration
)
Package graphics Info: Driver file: xetex.def on input line 106.

(c:/texlive/2025/texmf-dist/tex/latex/graphics-def/xetex.def
File: xetex.def 2025/11/01 v5.0p Graphics/color driver for xetex
))
\Gin@req@height=\dimen191
\Gin@req@width=\dimen192
)
(c:/texlive/2025/texmf-dist/tex/latex/pdflscape/pdflscape.sty
Package: pdflscape 2025-06-23 v0.14 Display of landscape pages in PDF

(c:/texlive/2025/texmf-dist/tex/latex/pdflscape/pdflscape-nometadata.sty
Package: pdflscape-nometadata 2025-06-23 v0.14 Display of landscape pages in PD
F (HO)

(c:/texlive/2025/texmf-dist/tex/generic/iftex/iftex.sty
Package: iftex 2024/12/12 v1.0g TeX engine tests
)
(c:/texlive/2025/texmf-dist/tex/latex/graphics/lscape.sty
Package: lscape 2020/05/28 v3.02 Landscape Pages (DPC)
)
Package pdflscape Info: Auto-detected driver: dvipdfm (xetex) on input line 98.

))
(c:/texlive/2025/texmf-dist/tex/latex/hyperref/hyperref.sty
Package: hyperref 2025-07-12 v7.01o Hypertext links for LaTeX

(c:/texlive/2025/texmf-dist/tex/latex/kvsetkeys/kvsetkeys.sty
Package: kvsetkeys 2022-10-05 v1.19 Key value parser (HO)
)
(c:/texlive/2025/texmf-dist/tex/generic/kvdefinekeys/kvdefinekeys.sty
Package: kvdefinekeys 2019-12-19 v1.6 Define keys (HO)
)
(c:/texlive/2025/texmf-dist/tex/generic/pdfescape/pdfescape.sty
Package: pdfescape 2019/12/09 v1.15 Implements pdfTeX's escape features (HO)

(c:/texlive/2025/texmf-dist/tex/generic/ltxcmds/ltxcmds.sty
Package: ltxcmds 2023-12-04 v1.26 LaTeX kernel commands for general use (HO)
)
(c:/texlive/2025/texmf-dist/tex/generic/pdftexcmds/pdftexcmds.sty
Package: pdftexcmds 2020-06-27 v0.33 Utility functions of pdfTeX for LuaTeX (HO
)

(c:/texlive/2025/texmf-dist/tex/generic/infwarerr/infwarerr.sty
Package: infwarerr 2019/12/03 v1.5 Providing info/warning/error messages (HO)
)
Package pdftexcmds Info: \pdf@primitive is available.
Package pdftexcmds Info: \pdf@ifprimitive is available.
Package pdftexcmds Info: \pdfdraftmode not found.
))
(c:/texlive/2025/texmf-dist/tex/latex/hycolor/hycolor.sty
Package: hycolor 2020-01-27 v1.10 Color options for hyperref/bookmark (HO)
)
(c:/texlive/2025/texmf-dist/tex/latex/hyperref/nameref.sty
Package: nameref 2025-06-21 v2.57 Cross-referencing by name of section

(c:/texlive/2025/texmf-dist/tex/latex/refcount/refcount.sty
Package: refcount 2019/12/15 v3.6 Data extraction from label references (HO)
)
(c:/texlive/2025/texmf-dist/tex/generic/gettitlestring/gettitlestring.sty
Package: gettitlestring 2019/12/15 v1.6 Cleanup title references (HO)

(c:/texlive/2025/texmf-dist/tex/latex/kvoptions/kvoptions.sty
Package: kvoptions 2022-06-15 v3.15 Key value format for package options (HO)
))
\c@section@level=\count324
)
(c:/texlive/2025/texmf-dist/tex/latex/etoolbox/etoolbox.sty
Package: etoolbox 2025/10/02 v2.5m e-TeX tools for LaTeX (JAW)
\etb@tempcnta=\count325
)
(c:/texlive/2025/texmf-dist/tex/generic/stringenc/stringenc.sty
Package: stringenc 2019/11/29 v1.12 Convert strings between diff. encodings (HO
)
)
\@linkdim=\dimen193
\Hy@linkcounter=\count326
\Hy@pagecounter=\count327

(c:/texlive/2025/texmf-dist/tex/latex/hyperref/pd1enc.def
File: pd1enc.def 2025-07-12 v7.01o Hyperref: PDFDocEncoding definition (HO)
)
(c:/texlive/2025/texmf-dist/tex/generic/intcalc/intcalc.sty
Package: intcalc 2019/12/15 v1.3 Expandable calculations with integers (HO)
)
\Hy@SavedSpaceFactor=\count328

(c:/texlive/2025/texmf-dist/tex/latex/hyperref/puenc.def
File: puenc.def 2025-07-12 v7.01o Hyperref: PDF Unicode definition (HO)
)
Package hyperref Info: Option `unicode' set `true' on input line 3160.
Package hyperref Info: Hyper figures OFF on input line 4195.
Package hyperref Info: Link nesting OFF on input line 4200.
Package hyperref Info: Hyper index ON on input line 4203.
Package hyperref Info: Plain pages OFF on input line 4210.
Package hyperref Info: Backreferencing OFF on input line 4215.
Package hyperref Info: Implicit mode ON; LaTeX internals redefined.
Package hyperref Info: Bookmarks ON on input line 4462.
\c@Hy@tempcnt=\count329

(c:/texlive/2025/texmf-dist/tex/latex/url/url.sty
\Urlmuskip=\muskip18
Package: url 2013/09/16  ver 3.4  Verb mode for urls, etc.
)
LaTeX Info: Redefining \url on input line 4801.
\XeTeXLinkMargin=\dimen194

(c:/texlive/2025/texmf-dist/tex/generic/bitset/bitset.sty
Package: bitset 2019/12/09 v1.3 Handle bit-vector datatype (HO)

(c:/texlive/2025/texmf-dist/tex/generic/bigintcalc/bigintcalc.sty
Package: bigintcalc 2019/12/15 v1.5 Expandable calculations on big integers (HO
)
))
\Fld@menulength=\count330
\Field@Width=\dimen195
\Fld@charsize=\dimen196
Package hyperref Info: Hyper figures OFF on input line 6078.
Package hyperref Info: Link nesting OFF on input line 6083.
Package hyperref Info: Hyper index ON on input line 6086.
Package hyperref Info: backreferencing OFF on input line 6093.
Package hyperref Info: Link coloring OFF on input line 6098.
Package hyperref Info: Link coloring with OCG OFF on input line 6103.
Package hyperref Info: PDF/A mode OFF on input line 6108.
\Hy@abspage=\count331
\c@Item=\count332
\c@Hfootnote=\count333
)
Package hyperref Info: Driver (autodetected): hxetex.

(c:/texlive/2025/texmf-dist/tex/latex/hyperref/hxetex.def
File: hxetex.def 2025-07-12 v7.01o Hyperref driver for XeTeX
\pdfm@box=\box65
\c@Hy@AnnotLevel=\count334
\HyField@AnnotCount=\count335
\Fld@listcount=\count336
\c@bookmark@seq@number=\count337

(c:/texlive/2025/texmf-dist/tex/latex/rerunfilecheck/rerunfilecheck.sty
Package: rerunfilecheck 2025-06-21 v1.11 Rerun checks for auxiliary files (HO)

(c:/texlive/2025/texmf-dist/tex/generic/uniquecounter/uniquecounter.sty
Package: uniquecounter 2019/12/15 v1.4 Provide unlimited unique counter (HO)
)
Package uniquecounter Info: New unique counter `rerunfilecheck' on input line 2
84.
)
\Hy@SectionHShift=\skip68
)
(c:/texlive/2025/texmf-dist/tex/latex/xltabular/xltabular.sty
Package: xltabular 2025/02/28 v0.2i `xltabular' package (hv,RN)

(c:/texlive/2025/texmf-dist/tex/latex/ltablex/ltablex.sty
Package: ltablex 2014/08/13 v1.1 Modified tabularx
))
(c:/texlive/2025/texmf-dist/tex/latex/makecell/makecell.sty
Package: makecell 2009/08/03 V0.1e Managing of Tab Column Heads and Cells
\rotheadsize=\dimen197
\c@nlinenum=\count338
\TeXr@lab=\toks30
)

Package array Warning: Redefining primitive column r on input line 39.

(c:/texlive/2025/texmf-dist/tex/latex/listings/listings.sty \lstset,
\lst@mode=\count339


new hook `InitVars',

new hook `EndGroup',

new hook `ExitVars',

new hook `ModeTrue',

new hook `EOL',
\lst@gtempboxa=\box66
\lst@token=\toks31
\lst@length=\count340

new hook `InitVarsBOL',
\lst@currlwidth=\dimen198
\lst@column=\count341
\lst@pos=\count342
\lst@lostspace=\dimen199
\lst@width=\dimen256
basewidth, 
new hook `FontAdjust',
fontadjust, 
new hook `PostOutput',

new hook `OutputBox',

new hook `InitBOL',
columns, flexiblecolumns,
\lst@newlines=\count343
 
new hook `OnNewLine',
emptylines, 
new hook `OnEmptyLine',
identifierstyle, 
new hook `EmptyStyle',

new hook `OutputOther',

new hook `Output',
tabsize, showtabs, tab, showspaces, keepspaces, 
new hook `Init',
formfeed, upquote, SelectCharTable, MoreSelectCharTable,

new hook `SetLanguage',
extendedchars, useoutput, rescanchars, alsoletter, alsodigit, alsoother,

new hook `SelectCharTable',
excludedelims, delim, moredelim, deletedelim, literate, basicstyle,
inputencoding, multicols, 
new hook `EveryLine',
\lst@lineno=\count344
print, firstline, lastline, 
new hook `PreSet',
nolol, linerange, consecutivenumbers, rangeprefix, rangesuffix,
rangebeginprefix, rangebeginsuffix, rangeendprefix, rangeendsuffix,
includerangemarker, 
new hook `DeInit',
captionpos, abovecaptionskip, belowcaptionskip, label, title, caption,

new hook `TextStyle',
\lstlistingname, \lstlistingnamestyle, numberbychapter, boxpos, float,
floatplacement, aboveskip, belowskip, everydisplay, 
new hook `DisplayStyle',

new hook `PreInit',

new hook `EveryPar',
showlines,
\lst@maxwidth=\dimen257
 
new hook `InitVarsEOL',
gobble, name, \lstlistlistingname, \lstlistoflistings, inputpath,
\lstnewenvironment, fancyvrb,
(c:/texlive/2025/texmf-dist/tex/latex/listings/lstpatch.sty
File: lstpatch.sty 2025/10/06 1.11 (Carsten Heinz)
)
(c:/texlive/2025/texmf-dist/tex/latex/listings/lstmisc.sty
File: lstmisc.sty 2025/10/06 1.11 (Carsten Heinz)


Define lst-aspect `strings': string, morestring, deletestring, stringstyle,
showstringspaces, 
new hook `ExcludeDelims',

Allocs: none

Define lst-aspect `comments': comment, morecomment, deletecomment,
commentstyle, 
new hook `AfterBeginComment',

Allocs: none

Define lst-aspect `escape': texcl, escapebegin, escapeend, escapechar,
escapeinside, mathescape, 
Allocs: none

Define lst-aspect `keywords': sensitive, 
new hook `TrackKeywords',

new hook `PostTrackKeywords',

new hook `DetectKeywords',
classoffset, keywords, morekeywords, deletekeywords, keywordstyle,
keywordstyle, ndkeywords, morendkeywords, deletendkeywords, ndkeywordstyle,
keywordsprefix, otherkeywords, 
Allocs: none

Define lst-aspect `emph': emph, moreemph, deleteemph, emphstyle, 
Allocs: none

Define lst-aspect `index': index, moreindex, deleteindex, indexstyle,
\lstindexmacro, 
Allocs: none

Define lst-aspect `style': \lststylefiles, \lstdefinestyle, \lst@definestyle,
style, 
new hook `SetStyle',

Allocs: none

Define lst-aspect `language': \lstlanguagefiles, \lstdefinelanguage,
\lst@definelanguage, language, alsolanguage, \lstalias, defaultdialect,

Allocs: none

Define lst-aspect `labels': numbers, stepnumber, numberfirstline, numberstyle,
numbersep, numberblanklines, firstnumber,
\c@lstnumber=\count345
\lst@skipnumbers=\count346
 
Allocs: 2\count, 

Define lst-aspect `lineshape': xleftmargin, xrightmargin, resetmargins,

new hook `BoxUnsafe',
linewidth, lineskip, breaklines, breakindent, breakautoindent,
breakatwhitespace, prebreak, postbreak, 
Allocs: none

Define lst-aspect `frames': framexleftmargin, framexrightmargin,
framextopmargin, framexbottommargin, backgroundcolor, fillcolor, rulecolor,
rulesepcolor, rulesep, framerule, framesep, frameshape, frameround, frame,
\lst@framebox=\box67


Allocs: 1\box, 
) 
Allocs: 8\count, 60\dimen, 2\box, 1\toks, 
(c:/texlive/2025/texmf-dist/tex/latex/listings/listings.cfg
File: listings.cfg 2025/10/06 1.11 listings configuration
))
Package: listings 2025/10/06 1.11 (Carsten Heinz)

==> First Aid for listings.sty no longer applied!
    Expected:
        2024/09/23 1.10c (Carsten Heinz)
    but found:
        2025/10/06 1.11 (Carsten Heinz)
    so I'm assuming it got fixed.
(c:/texlive/2025/texmf-dist/tex/latex/xcolor/xcolor.sty
Package: xcolor 2024/09/29 v3.02 LaTeX color extensions (UK)

(c:/texlive/2025/texmf-dist/tex/latex/graphics-cfg/color.cfg
File: color.cfg 2016/01/02 v1.6 sample color configuration
)
Package xcolor Info: Driver file: xetex.def on input line 274.

(c:/texlive/2025/texmf-dist/tex/latex/graphics/mathcolor.ltx)
Package xcolor Info: Model `cmy' substituted by `cmy0' on input line 1349.
Package xcolor Info: Model `RGB' extended on input line 1365.
Package xcolor Info: Model `HTML' substituted by `rgb' on input line 1367.
Package xcolor Info: Model `Hsb' substituted by `hsb' on input line 1368.
Package xcolor Info: Model `tHsb' substituted by `hsb' on input line 1369.
Package xcolor Info: Model `HSB' substituted by `hsb' on input line 1370.
Package xcolor Info: Model `Gray' substituted by `gray' on input line 1371.
Package xcolor Info: Model `wave' substituted by `hsb' on input line 1372.
)
(c:/texlive/2025/texmf-dist/tex/latex/listings/lstlang1.sty
File: lstlang1.sty 2025/10/06 1.11 listings language file
)
(c:/texlive/2025/texmf-dist/tex/latex/enumitem/enumitem.sty
Package: enumitem 2025/02/06 v3.11 Customized lists
\labelindent=\skip69
\enit@outerparindent=\dimen258
\enit@toks=\toks32
\enit@inbox=\box68
\enit@count@id=\count347
\enitdp@description=\count348
)
(c:/texlive/2025/texmf-dist/tex/latex/setspace/setspace.sty
Package: setspace 2022/12/04 v6.7b set line spacing
)) (./main.aux
Package babel Info: 'russian' activates 'russian' shorthands.
(babel)             Reported on input line 24.
)
\openout1 = `main.aux'.

LaTeX Font Info:    Checking defaults for OML/cmm/m/it on input line 32.
LaTeX Font Info:    ... okay on input line 32.
LaTeX Font Info:    Checking defaults for OMS/cmsy/m/n on input line 32.
LaTeX Font Info:    ... okay on input line 32.
LaTeX Font Info:    Checking defaults for OT1/cmr/m/n on input line 32.
LaTeX Font Info:    ... okay on input line 32.
LaTeX Font Info:    Checking defaults for T1/cmr/m/n on input line 32.
LaTeX Font Info:    ... okay on input line 32.
LaTeX Font Info:    Checking defaults for TS1/cmr/m/n on input line 32.
LaTeX Font Info:    ... okay on input line 32.
LaTeX Font Info:    Checking defaults for TU/lmr/m/n on input line 32.
LaTeX Font Info:    ... okay on input line 32.
LaTeX Font Info:    Checking defaults for OMX/cmex/m/n on input line 32.
LaTeX Font Info:    ... okay on input line 32.
LaTeX Font Info:    Checking defaults for U/cmr/m/n on input line 32.
LaTeX Font Info:    ... okay on input line 32.
LaTeX Font Info:    Checking defaults for T2A/cmr/m/n on input line 32.
LaTeX Font Info:    ... okay on input line 32.
LaTeX Font Info:    Checking defaults for PD1/pdf/m/n on input line 32.
LaTeX Font Info:    ... okay on input line 32.
LaTeX Font Info:    Checking defaults for PU/pdf/m/n on input line 32.
LaTeX Font Info:    ... okay on input line 32.

Package fontspec Info: 
(fontspec)             Adjusting the maths setup (use [no-math] to avoid
(fontspec)             this).

\symlegacymaths=\mathgroup6
LaTeX Font Info:    Overwriting symbol font `legacymaths' in version `bold'
(Font)                  OT1/cmr/m/n --> OT1/cmr/bx/n on input line 32.
LaTeX Font Info:    Redeclaring math accent \acute on input line 32.
LaTeX Font Info:    Redeclaring math accent \grave on input line 32.
LaTeX Font Info:    Redeclaring math accent \ddot on input line 32.
LaTeX Font Info:    Redeclaring math accent \tilde on input line 32.
LaTeX Font Info:    Redeclaring math accent \bar on input line 32.
LaTeX Font Info:    Redeclaring math accent \breve on input line 32.
LaTeX Font Info:    Redeclaring math accent \check on input line 32.
LaTeX Font Info:    Redeclaring math accent \hat on input line 32.
LaTeX Font Info:    Redeclaring math accent \dot on input line 32.
LaTeX Font Info:    Redeclaring math accent \mathring on input line 32.
LaTeX Font Info:    Redeclaring math symbol \Gamma on input line 32.
LaTeX Font Info:    Redeclaring math symbol \Delta on input line 32.
LaTeX Font Info:    Redeclaring math symbol \Theta on input line 32.
LaTeX Font Info:    Redeclaring math symbol \Lambda on input line 32.
LaTeX Font Info:    Redeclaring math symbol \Xi on input line 32.
LaTeX Font Info:    Redeclaring math symbol \Pi on input line 32.
LaTeX Font Info:    Redeclaring math symbol \Sigma on input line 32.
LaTeX Font Info:    Redeclaring math symbol \Upsilon on input line 32.
LaTeX Font Info:    Redeclaring math symbol \Phi on input line 32.
LaTeX Font Info:    Redeclaring math symbol \Psi on input line 32.
LaTeX Font Info:    Redeclaring math symbol \Omega on input line 32.
LaTeX Font Info:    Redeclaring math symbol \mathdollar on input line 32.
LaTeX Font Info:    Redeclaring symbol font `operators' on input line 32.
LaTeX Font Info:    Encoding `OT1' has changed to `TU' for symbol font
(Font)              `operators' in the math version `normal' on input line 32.
LaTeX Font Info:    Overwriting symbol font `operators' in version `normal'
(Font)                  OT1/cmr/m/n --> TU/TimesNewRoman(0)/m/n on input line 3
2.
LaTeX Font Info:    Encoding `OT1' has changed to `TU' for symbol font
(Font)              `operators' in the math version `bold' on input line 32.
LaTeX Font Info:    Overwriting symbol font `operators' in version `bold'
(Font)                  OT1/cmr/bx/n --> TU/TimesNewRoman(0)/m/n on input line 
32.
LaTeX Font Info:    Overwriting symbol font `operators' in version `normal'
(Font)                  TU/TimesNewRoman(0)/m/n --> TU/TimesNewRoman(0)/m/n on 
input line 32.
LaTeX Font Info:    Overwriting math alphabet `\mathit' in version `normal'
(Font)                  OT1/cmr/m/it --> TU/TimesNewRoman(0)/m/it on input line
 32.
LaTeX Font Info:    Overwriting math alphabet `\mathbf' in version `normal'
(Font)                  OT1/cmr/bx/n --> TU/TimesNewRoman(0)/b/n on input line 
32.
LaTeX Font Info:    Overwriting math alphabet `\mathsf' in version `normal'
(Font)                  OT1/cmss/m/n --> TU/lmss/m/n on input line 32.
LaTeX Font Info:    Overwriting math alphabet `\mathtt' in version `normal'
(Font)                  OT1/cmtt/m/n --> TU/lmtt/m/n on input line 32.
LaTeX Font Info:    Overwriting symbol font `operators' in version `bold'
(Font)                  TU/TimesNewRoman(0)/m/n --> TU/TimesNewRoman(0)/b/n on 
input line 32.
LaTeX Font Info:    Overwriting math alphabet `\mathit' in version `bold'
(Font)                  OT1/cmr/bx/it --> TU/TimesNewRoman(0)/b/it on input lin
e 32.
LaTeX Font Info:    Overwriting math alphabet `\mathsf' in version `bold'
(Font)                  OT1/cmss/bx/n --> TU/lmss/b/n on input line 32.
LaTeX Font Info:    Overwriting math alphabet `\mathtt' in version `bold'
(Font)                  OT1/cmtt/m/n --> TU/lmtt/b/n on input line 32.
Package caption Info: Begin \AtBeginDocument code.
Package caption Info: float package is loaded.
Package caption Info: hyperref package is loaded.
Package caption Info: listings package is loaded.
Package caption Info: End \AtBeginDocument code.
LaTeX Info: Redefining \th on input line 32.
Package hyperref Info: Link coloring OFF on input line 32.

(./main.out) (./main.out)
\@outlinefile=\write3
\openout3 = `main.out'.

\c@lstlisting=\count349

(c:/texlive/2025/texmf-dist/tex/latex/amsfonts/umsa.fd)
(c:/texlive/2025/texmf-dist/tex/latex/amsfonts/umsb.fd) [1] (./ЛистЗадания.tex
Underfull \hbox (badness 10000) in paragraph at lines 79--81
[]\TU/TimesNewRoman(0)/m/n/14.4 4.4. Технический проект: общие сведения о прогр
аммной системе,
 []


Underfull \hbox (badness 10000) in paragraph at lines 79--81
\TU/TimesNewRoman(0)/m/n/14.4 проект данных программной системы, проектирование
 архитектуры
 []


Underfull \hbox (badness 10000) in paragraph at lines 79--81
\TU/TimesNewRoman(0)/m/n/14.4 программной системы, проектирование пользовательс
кого интерфейса
 []

[2] (./main.lop)
\tf@lop=\write4
\openout4 = `main.lop'.


Overfull \hbox (4.70218pt too wide) in paragraph at lines 93--104
[][]
 []


Underfull \hbox (badness 10000) in paragraph at lines 93--104

 []

) (./Реферат.tex [3]
\c=\count350
\last=\count351
\pnul=\count352
\c=\count353
\last=\count354
\pnul=\count355
\c=\count356
\last=\count357
\pnul=\count358
\c=\count359
\last=\count360
\pnul=\count361
 [4]
\c=\count362
\last=\count363
\pnul=\count364
\c=\count365
\last=\count366
\pnul=\count367
\c=\count368
\last=\count369
\pnul=\count370
\c=\count371
\last=\count372
\pnul=\count373
) [5] (./main.toc)
\tf@toc=\write5
\openout5 = `main.toc'.

 (./main.lpc)
\tf@lpc=\write6
\openout6 = `main.lpc'.

 (./Обозначения.tex
[6]) (./Введение.tex [7]
Underfull \hbox (badness 2035) in paragraph at lines 6--7
\TU/TimesNewRoman(0)/m/n/14.4 правил переписывания, последовательно применяемых
 к строке симво-
 []


Underfull \hbox (badness 1895) in paragraph at lines 10--11
\TU/TimesNewRoman(0)/m/n/14.4 ности для визуализации работы подобных систем. Ис
пользование язы-
 []


Underfull \hbox (badness 3579) in paragraph at lines 10--11
\TU/TimesNewRoman(0)/m/n/14.4 ка программирования Python в сочетании с библиоте
ками \TU/lmtt/m/n/14.4 tkinter \TU/TimesNewRoman(0)/m/n/14.4 и
 []

[8]
\c=\count374
\last=\count375
\pnul=\count376
) (./Анализ.tex [9] [10]) (./ТехЗадание.tex [11] [12] [13]
Underfull \hbox (badness 2772) in paragraph at lines 33--34
[]\TU/TimesNewRoman(0)/m/n/14.4 Результатом разработки является настольное прил
ожение на язы-
 []


Underfull \hbox (badness 10000) in paragraph at lines 33--34
\TU/TimesNewRoman(0)/m/n/14.4 ке программирования Python, использующее библиоте
ки \TU/lmtt/m/n/14.4 tkinter \TU/TimesNewRoman(0)/m/n/14.4 и
 []

File: images/interface.png Graphic file (type bmp)
<images/interface.png>
[14]
File: images/markov_usecase.eps Graphic file (type eps)
<images/markov_usecase.eps>
 [15] [16]) (./ТехПроект.tex [17]
Underfull \hbox (badness 10000) in paragraph at lines 19--19
[]\TU/TimesNewRoman(0)/b/n/14.4 3.2.1 Описание используемых технологий и языков

 []

[18]
Underfull \hbox (badness 1975) in paragraph at lines 55--55
[]\TU/TimesNewRoman(0)/b/n/14.4 3.3 Диаграмма компонентов и схема обмена данным
и между
 []

File: images/components.eps Graphic file (type eps)
<images/components.eps>
File: images/dataflow.eps Graphic file (type eps)
<images/dataflow.eps>
[19]
File: images/deployment.eps Graphic file (type eps)
<images/deployment.eps>


Package hyperref Warning: Difference (2) between bookmark levels is greater 
(hyperref)                than one, level fixed on input line 101.

Missing character: There is no П (U+041F) in font [lmmono12-regular]:!
Missing character: There is no о (U+043E) in font [lmmono12-regular]:!
Missing character: There is no л (U+043B) in font [lmmono12-regular]:!
Missing character: There is no ь (U+044C) in font [lmmono12-regular]:!
Missing character: There is no з (U+0437) in font [lmmono12-regular]:!
Missing character: There is no о (U+043E) in font [lmmono12-regular]:!
Missing character: There is no в (U+0432) in font [lmmono12-regular]:!
Missing character: There is no а (U+0430) in font [lmmono12-regular]:!
Missing character: There is no т (U+0442) in font [lmmono12-regular]:!
Missing character: There is no е (U+0435) in font [lmmono12-regular]:!
Missing character: There is no л (U+043B) in font [lmmono12-regular]:!
Missing character: There is no ь (U+044C) in font [lmmono12-regular]:!
[20]
Missing character: There is no П (U+041F) in font [lmmono12-regular]:!
Missing character: There is no р (U+0440) in font [lmmono12-regular]:!
Missing character: There is no а (U+0430) in font [lmmono12-regular]:!
Missing character: There is no в (U+0432) in font [lmmono12-regular]:!
Missing character: There is no и (U+0438) in font [lmmono12-regular]:!
Missing character: There is no л (U+043B) in font [lmmono12-regular]:!
Missing character: There is no о (U+043E) in font [lmmono12-regular]:!
Missing character: There is no М (U+041C) in font [lmmono12-regular]:!
Missing character: There is no а (U+0430) in font [lmmono12-regular]:!
Missing character: There is no р (U+0440) in font [lmmono12-regular]:!
Missing character: There is no к (U+043A) in font [lmmono12-regular]:!
Missing character: There is no о (U+043E) in font [lmmono12-regular]:!
Missing character: There is no в (U+0432) in font [lmmono12-regular]:!
Missing character: There is no а (U+0430) in font [lmmono12-regular]:!

Underfull \hbox (badness 1838) in paragraph at lines 126--126
[]|\TU/TimesNewRoman(0)/m/n/14.4 Левая часть пра-
 []

Missing character: There is no С (U+0421) in font [lmmono12-regular]:!
Missing character: There is no и (U+0438) in font [lmmono12-regular]:!
Missing character: There is no с (U+0441) in font [lmmono12-regular]:!
Missing character: There is no т (U+0442) in font [lmmono12-regular]:!
Missing character: There is no е (U+0435) in font [lmmono12-regular]:!
Missing character: There is no м (U+043C) in font [lmmono12-regular]:!
Missing character: There is no а (U+0430) in font [lmmono12-regular]:!
Missing character: There is no М (U+041C) in font [lmmono12-regular]:!
Missing character: There is no а (U+0430) in font [lmmono12-regular]:!
Missing character: There is no р (U+0440) in font [lmmono12-regular]:!
Missing character: There is no к (U+043A) in font [lmmono12-regular]:!
Missing character: There is no о (U+043E) in font [lmmono12-regular]:!
Missing character: There is no в (U+0432) in font [lmmono12-regular]:!
Missing character: There is no а (U+0430) in font [lmmono12-regular]:!

Overfull \hbox (25.02528pt too wide) in paragraph at lines 141--141
[]|\TU/TimesNewRoman(0)/m/n/14.4 List[MarkovRules]| 
 []


Underfull \hbox (badness 10000) in paragraph at lines 141--141
[]|\TU/TimesNewRoman(0)/m/n/14.4 Количество вы-
 []


Underfull \hbox (badness 10000) in paragraph at lines 141--141
[]|\TU/TimesNewRoman(0)/m/n/14.4 Статистика при-
 []


Underfull \hbox (badness 1721) in paragraph at lines 141--141
[]|\TU/TimesNewRoman(0)/m/n/14.4 Длина строки на
 []

[21]
Missing character: There is no Ж (U+0416) in font [lmmono12-regular]:!
Missing character: There is no у (U+0443) in font [lmmono12-regular]:!
Missing character: There is no р (U+0440) in font [lmmono12-regular]:!
Missing character: There is no н (U+043D) in font [lmmono12-regular]:!
Missing character: There is no а (U+0430) in font [lmmono12-regular]:!
Missing character: There is no л (U+043B) in font [lmmono12-regular]:!
Missing character: There is no ш (U+0448) in font [lmmono12-regular]:!
Missing character: There is no а (U+0430) in font [lmmono12-regular]:!
Missing character: There is no г (U+0433) in font [lmmono12-regular]:!
Missing character: There is no о (U+043E) in font [lmmono12-regular]:!
Missing character: There is no в (U+0432) in font [lmmono12-regular]:!
Missing character: There is no Р (U+0420) in font [lmmono12-regular]:!
Missing character: There is no е (U+0435) in font [lmmono12-regular]:!
Missing character: There is no з (U+0437) in font [lmmono12-regular]:!
Missing character: There is no у (U+0443) in font [lmmono12-regular]:!
Missing character: There is no л (U+043B) in font [lmmono12-regular]:!
Missing character: There is no ь (U+044C) in font [lmmono12-regular]:!
Missing character: There is no т (U+0442) in font [lmmono12-regular]:!
Missing character: There is no а (U+0430) in font [lmmono12-regular]:!
Missing character: There is no т (U+0442) in font [lmmono12-regular]:!
Missing character: There is no в (U+0432) in font [lmmono12-regular]:!
Missing character: There is no ы (U+044B) in font [lmmono12-regular]:!
Missing character: There is no п (U+043F) in font [lmmono12-regular]:!
Missing character: There is no о (U+043E) in font [lmmono12-regular]:!
Missing character: There is no л (U+043B) in font [lmmono12-regular]:!
Missing character: There is no н (U+043D) in font [lmmono12-regular]:!
Missing character: There is no е (U+0435) in font [lmmono12-regular]:!
Missing character: There is no н (U+043D) in font [lmmono12-regular]:!
Missing character: There is no и (U+0438) in font [lmmono12-regular]:!
Missing character: There is no я (U+044F) in font [lmmono12-regular]:!

Underfull \hbox (badness 10000) in paragraph at lines 168--168
[]|\TU/TimesNewRoman(0)/m/n/14.4 Общее количе-
 []


Overfull \hbox (3.81514pt too wide) in paragraph at lines 168--168
[]|\TU/TimesNewRoman(0)/m/n/14.4 most_common_rule| 
 []


Underfull \hbox (badness 10000) in paragraph at lines 168--168
[]|\TU/TimesNewRoman(0)/m/n/14.4 Наиболее часто
 []


Underfull \hbox (badness 10000) in paragraph at lines 168--168
\TU/TimesNewRoman(0)/m/n/14.4 применяемое
 []


Underfull \hbox (badness 10000) in paragraph at lines 168--168
[]|\TU/TimesNewRoman(0)/m/n/14.4 Средняя длина
 []

) (./РабочийПроект.tex [22]
Underfull \hbox (badness 10000) in paragraph at lines 37--37
[]|\TU/TimesNewRoman(0)/m/n/14.4 Класс, отвечаю-
 []


Underfull \hbox (badness 1509) in paragraph at lines 37--37
\TU/TimesNewRoman(0)/m/n/14.4 щий за хранение
 []


Underfull \hbox (badness 10000) in paragraph at lines 37--37
\TU/TimesNewRoman(0)/m/n/14.4 структуры от-
 []


Underfull \hbox (badness 10000) in paragraph at lines 37--37
\TU/TimesNewRoman(0)/m/n/14.4 (левая и правая
 []


Underfull \hbox (badness 10000) in paragraph at lines 37--37
\TU/TimesNewRoman(0)/m/n/14.4 части), обра-
 []


Underfull \hbox (badness 10000) in paragraph at lines 37--37
\TU/TimesNewRoman(0)/m/n/14.4 ботку признака
 []


Underfull \hbox (badness 5832) in paragraph at lines 37--37
\TU/TimesNewRoman(0)/m/n/14.4 менение правила
 []


Underfull \hbox (badness 10000) in paragraph at lines 37--37
[]|\TU/lmtt/m/n/14.4 apply(text)
 []


Underfull \hbox (badness 10000) in paragraph at lines 37--37
\TU/TimesNewRoman(0)/m/n/14.4 — применяет
 []


Underfull \hbox (badness 10000) in paragraph at lines 37--37
\TU/TimesNewRoman(0)/m/n/14.4 возвращает но-
 []


Underfull \hbox (badness 10000) in paragraph at lines 37--37
[]|\TU/TimesNewRoman(0)/m/n/14.4 Основной класс,
 []


Underfull \hbox (badness 10000) in paragraph at lines 37--37
\TU/TimesNewRoman(0)/m/n/14.4 реализующий
 []


Underfull \hbox (badness 3503) in paragraph at lines 37--37
\TU/TimesNewRoman(0)/m/n/14.4 цикл работы си-
 []


Underfull \hbox (badness 10000) in paragraph at lines 37--37
\TU/TimesNewRoman(0)/m/n/14.4 стемы Маркова.
 []


Underfull \hbox (badness 10000) in paragraph at lines 37--37
\TU/TimesNewRoman(0)/m/n/14.4 Обеспечивает
 []


Underfull \hbox (badness 10000) in paragraph at lines 37--37
\TU/TimesNewRoman(0)/m/n/14.4 последователь-
 []


Underfull \hbox (badness 10000) in paragraph at lines 37--37
\TU/TimesNewRoman(0)/m/n/14.4 ное применение
 []


Underfull \hbox (badness 10000) in paragraph at lines 37--37
\TU/TimesNewRoman(0)/m/n/14.4 правил, веде-
 []


Underfull \hbox (badness 10000) in paragraph at lines 37--37
\TU/TimesNewRoman(0)/m/n/14.4 ние журнала
 []


Underfull \hbox (badness 10000) in paragraph at lines 37--37
\TU/TimesNewRoman(0)/m/n/14.4 шагов и расчёт
 []


Underfull \hbox (badness 10000) in paragraph at lines 37--37
[]|\TU/lmtt/m/n/14.4 run(text)
 []


Underfull \hbox (badness 10000) in paragraph at lines 37--37
\TU/TimesNewRoman(0)/m/n/14.4 — выполне-
 []


Underfull \hbox (badness 10000) in paragraph at lines 37--37
\TU/TimesNewRoman(0)/m/n/14.4 ние системы;
 []


Underfull \hbox (badness 10000) in paragraph at lines 37--37
\TU/lmtt/m/n/14.4 save_log(log)
 []


Underfull \hbox (badness 10000) in paragraph at lines 37--37
\TU/TimesNewRoman(0)/m/n/14.4 — сохране-
 []


Underfull \hbox (badness 10000) in paragraph at lines 37--37
\TU/TimesNewRoman(0)/m/n/14.4 ние журнала;
 []


Underfull \hbox (badness 1436) in paragraph at lines 37--37
\TU/lmtt/m/n/14.4 show_stats() \TU/TimesNewRoman(0)/m/n/14.4 —
 []


Underfull \hbox (badness 10000) in paragraph at lines 37--37
\TU/TimesNewRoman(0)/m/n/14.4 вывод статисти-
 []


Underfull \hbox (badness 10000) in paragraph at lines 37--37
[]|\TU/TimesNewRoman(0)/m/n/14.4 Модуль для
 []


Underfull \hbox (badness 10000) in paragraph at lines 37--37
\TU/TimesNewRoman(0)/m/n/14.4 управления жур-
 []


Underfull \hbox (badness 10000) in paragraph at lines 37--37
\TU/TimesNewRoman(0)/m/n/14.4 налом шагов,
 []


Underfull \hbox (badness 10000) in paragraph at lines 37--37
\TU/TimesNewRoman(0)/m/n/14.4 хранения про-
 []


Underfull \hbox (badness 10000) in paragraph at lines 37--37
\TU/TimesNewRoman(0)/m/n/14.4 межуточных
 []


Underfull \hbox (badness 6741) in paragraph at lines 37--37
\TU/TimesNewRoman(0)/m/n/14.4 и передачи дан-
 []


Underfull \hbox (badness 10000) in paragraph at lines 37--37
[]|\TU/lmtt/m/n/14.4 add(entry)
 []


Underfull \hbox (badness 10000) in paragraph at lines 37--37
\TU/TimesNewRoman(0)/m/n/14.4 — добавляет
 []


Underfull \hbox (badness 10000) in paragraph at lines 37--37
\TU/TimesNewRoman(0)/m/n/14.4 новую запись;
 []


Underfull \hbox (badness 1436) in paragraph at lines 37--37
\TU/lmtt/m/n/14.4 export(path) \TU/TimesNewRoman(0)/m/n/14.4 —
 []


Underfull \hbox (badness 10000) in paragraph at lines 37--37
[]|\TU/TimesNewRoman(0)/m/n/14.4 Класс, отвеча-
 []


Underfull \hbox (badness 5388) in paragraph at lines 37--37
\TU/TimesNewRoman(0)/m/n/14.4 ющий за работу
 []


Underfull \hbox (badness 10000) in paragraph at lines 37--37
\TU/TimesNewRoman(0)/m/n/14.4 графического
 []


Underfull \hbox (badness 10000) in paragraph at lines 37--37
\TU/TimesNewRoman(0)/m/n/14.4 интерфейса, об-
 []


Underfull \hbox (badness 6542) in paragraph at lines 37--37
\TU/TimesNewRoman(0)/m/n/14.4 работку событий
 []


Underfull \hbox (badness 10000) in paragraph at lines 37--37
\TU/TimesNewRoman(0)/m/n/14.4 пользователя,
 []


Underfull \hbox (badness 10000) in paragraph at lines 37--37
\TU/TimesNewRoman(0)/m/n/14.4 пошаговую ви-
 []


Underfull \hbox (badness 10000) in paragraph at lines 37--37
\TU/TimesNewRoman(0)/m/n/14.4 зуализацию и
 []


Underfull \hbox (badness 10000) in paragraph at lines 37--37
\TU/TimesNewRoman(0)/m/n/14.4 отображение
 []


Underfull \hbox (badness 10000) in paragraph at lines 37--37
\TU/TimesNewRoman(0)/m/n/14.4 текущей стати-
 []


Underfull \hbox (badness 10000) in paragraph at lines 37--37
[]|\TU/lmtt/m/n/14.4 start() \TU/TimesNewRoman(0)/m/n/14.4 — за-
 []


Underfull \hbox (badness 10000) in paragraph at lines 37--37
\TU/lmtt/m/n/14.4 animate() \TU/TimesNewRoman(0)/m/n/14.4 —
 []


Underfull \hbox (badness 10000) in paragraph at lines 37--37
\TU/TimesNewRoman(0)/m/n/14.4 анимация при-
 []


Underfull \hbox (badness 10000) in paragraph at lines 37--37
\TU/TimesNewRoman(0)/m/n/14.4 менения правил;
 []


Underfull \hbox (badness 10000) in paragraph at lines 37--37
\TU/lmtt/m/n/14.4 update_stats()
 []

ignored error: Infinite glue shrinkage found in box being split [23]
Missing character: There is no В (U+0412) in font [lmmono12-regular]:!
Missing character: There is no в (U+0432) in font [lmmono12-regular]:!
Missing character: There is no е (U+0435) in font [lmmono12-regular]:!
Missing character: There is no д (U+0434) in font [lmmono12-regular]:!
Missing character: There is no и (U+0438) in font [lmmono12-regular]:!
Missing character: There is no т (U+0442) in font [lmmono12-regular]:!
Missing character: There is no е (U+0435) in font [lmmono12-regular]:!
Missing character: There is no и (U+0438) in font [lmmono12-regular]:!
Missing character: There is no с (U+0441) in font [lmmono12-regular]:!
Missing character: There is no х (U+0445) in font [lmmono12-regular]:!
Missing character: There is no о (U+043E) in font [lmmono12-regular]:!
Missing character: There is no д (U+0434) in font [lmmono12-regular]:!
Missing character: There is no н (U+043D) in font [lmmono12-regular]:!
Missing character: There is no у (U+0443) in font [lmmono12-regular]:!
Missing character: There is no ю (U+044E) in font [lmmono12-regular]:!
Missing character: There is no с (U+0441) in font [lmmono12-regular]:!
Missing character: There is no т (U+0442) in font [lmmono12-regular]:!
Missing character: There is no р (U+0440) in font [lmmono12-regular]:!
Missing character: There is no о (U+043E) in font [lmmono12-regular]:!
Missing character: There is no к (U+043A) in font [lmmono12-regular]:!
Missing character: There is no у (U+0443) in font [lmmono12-regular]:!
Missing character: There is no П (U+041F) in font [lmmono12-regular]:!
Missing character: There is no р (U+0440) in font [lmmono12-regular]:!
Missing character: There is no а (U+0430) in font [lmmono12-regular]:!
Missing character: There is no в (U+0432) in font [lmmono12-regular]:!
Missing character: There is no и (U+0438) in font [lmmono12-regular]:!
Missing character: There is no л (U+043B) in font [lmmono12-regular]:!
Missing character: There is no а (U+0430) in font [lmmono12-regular]:!
Missing character: There is no з (U+0437) in font [lmmono12-regular]:!
Missing character: There is no а (U+0430) in font [lmmono12-regular]:!
Missing character: There is no г (U+0433) in font [lmmono12-regular]:!
Missing character: There is no р (U+0440) in font [lmmono12-regular]:!
Missing character: There is no у (U+0443) in font [lmmono12-regular]:!
Missing character: There is no ж (U+0436) in font [lmmono12-regular]:!
Missing character: There is no е (U+0435) in font [lmmono12-regular]:!
Missing character: There is no н (U+043D) in font [lmmono12-regular]:!
Missing character: There is no ы (U+044B) in font [lmmono12-regular]:!
Missing character: There is no Ш (U+0428) in font [lmmono12-regular]:!
Missing character: There is no а (U+0430) in font [lmmono12-regular]:!
Missing character: There is no г (U+0433) in font [lmmono12-regular]:!
Missing character: There is no п (U+043F) in font [lmmono12-regular]:!
Missing character: There is no р (U+0440) in font [lmmono12-regular]:!
Missing character: There is no а (U+0430) in font [lmmono12-regular]:!
Missing character: There is no в (U+0432) in font [lmmono12-regular]:!
Missing character: There is no и (U+0438) in font [lmmono12-regular]:!
Missing character: There is no л (U+043B) in font [lmmono12-regular]:!
Missing character: There is no о (U+043E) in font [lmmono12-regular]:!
[24]
Missing character: There is no Ш (U+0428) in font [lmmono12-regular]:!
Missing character: There is no а (U+0430) in font [lmmono12-regular]:!
Missing character: There is no г (U+0433) in font [lmmono12-regular]:!
Missing character: There is no п (U+043F) in font [lmmono12-regular]:!
Missing character: There is no р (U+0440) in font [lmmono12-regular]:!
Missing character: There is no а (U+0430) in font [lmmono12-regular]:!
Missing character: There is no в (U+0432) in font [lmmono12-regular]:!
Missing character: There is no и (U+0438) in font [lmmono12-regular]:!
Missing character: There is no л (U+043B) in font [lmmono12-regular]:!
Missing character: There is no о (U+043E) in font [lmmono12-regular]:!
Missing character: There is no Р (U+0420) in font [lmmono12-regular]:!
Missing character: There is no е (U+0435) in font [lmmono12-regular]:!
Missing character: There is no з (U+0437) in font [lmmono12-regular]:!
Missing character: There is no у (U+0443) in font [lmmono12-regular]:!
Missing character: There is no л (U+043B) in font [lmmono12-regular]:!
Missing character: There is no ь (U+044C) in font [lmmono12-regular]:!
Missing character: There is no т (U+0442) in font [lmmono12-regular]:!
Missing character: There is no а (U+0430) in font [lmmono12-regular]:!
Missing character: There is no т (U+0442) in font [lmmono12-regular]:!
Missing character: There is no В (U+0412) in font [lmmono12-regular]:!
Missing character: There is no с (U+0441) in font [lmmono12-regular]:!
Missing character: There is no е (U+0435) in font [lmmono12-regular]:!
Missing character: There is no г (U+0433) in font [lmmono12-regular]:!
Missing character: There is no о (U+043E) in font [lmmono12-regular]:!
Missing character: There is no ш (U+0448) in font [lmmono12-regular]:!
Missing character: There is no а (U+0430) in font [lmmono12-regular]:!
Missing character: There is no г (U+0433) in font [lmmono12-regular]:!
Missing character: There is no о (U+043E) in font [lmmono12-regular]:!
Missing character: There is no в (U+0432) in font [lmmono12-regular]:!
Missing character: There is no С (U+0421) in font [lmmono12-regular]:!
Missing character: There is no р (U+0440) in font [lmmono12-regular]:!
Missing character: There is no е (U+0435) in font [lmmono12-regular]:!
Missing character: There is no д (U+0434) in font [lmmono12-regular]:!
Missing character: There is no н (U+043D) in font [lmmono12-regular]:!
Missing character: There is no я (U+044F) in font [lmmono12-regular]:!
Missing character: There is no я (U+044F) in font [lmmono12-regular]:!
Missing character: There is no д (U+0434) in font [lmmono12-regular]:!
Missing character: There is no л (U+043B) in font [lmmono12-regular]:!
Missing character: There is no и (U+0438) in font [lmmono12-regular]:!
Missing character: There is no н (U+043D) in font [lmmono12-regular]:!
Missing character: There is no а (U+0430) in font [lmmono12-regular]:!
Missing character: There is no с (U+0441) in font [lmmono12-regular]:!
Missing character: There is no т (U+0442) in font [lmmono12-regular]:!
Missing character: There is no р (U+0440) in font [lmmono12-regular]:!
Missing character: There is no о (U+043E) in font [lmmono12-regular]:!
Missing character: There is no к (U+043A) in font [lmmono12-regular]:!
Missing character: There is no и (U+0438) in font [lmmono12-regular]:!
Missing character: There is no С (U+0421) in font [lmmono12-regular]:!
Missing character: There is no а (U+0430) in font [lmmono12-regular]:!
Missing character: There is no м (U+043C) in font [lmmono12-regular]:!
Missing character: There is no о (U+043E) in font [lmmono12-regular]:!
Missing character: There is no е (U+0435) in font [lmmono12-regular]:!
Missing character: There is no ч (U+0447) in font [lmmono12-regular]:!
Missing character: There is no а (U+0430) in font [lmmono12-regular]:!
Missing character: There is no с (U+0441) in font [lmmono12-regular]:!
Missing character: There is no т (U+0442) in font [lmmono12-regular]:!
Missing character: There is no о (U+043E) in font [lmmono12-regular]:!
Missing character: There is no е (U+0435) in font [lmmono12-regular]:!
Missing character: There is no п (U+043F) in font [lmmono12-regular]:!
Missing character: There is no р (U+0440) in font [lmmono12-regular]:!
Missing character: There is no а (U+0430) in font [lmmono12-regular]:!
Missing character: There is no в (U+0432) in font [lmmono12-regular]:!
Missing character: There is no и (U+0438) in font [lmmono12-regular]:!
Missing character: There is no л (U+043B) in font [lmmono12-regular]:!
Missing character: There is no о (U+043E) in font [lmmono12-regular]:!
Missing character: There is no р (U+0440) in font [lmmono12-regular]:!
Missing character: There is no а (U+0430) in font [lmmono12-regular]:!
Missing character: There is no з (U+0437) in font [lmmono12-regular]:!
Missing character: There is no Ж (U+0416) in font [lmmono12-regular]:!
Missing character: There is no у (U+0443) in font [lmmono12-regular]:!
Missing character: There is no р (U+0440) in font [lmmono12-regular]:!
Missing character: There is no н (U+043D) in font [lmmono12-regular]:!
Missing character: There is no а (U+0430) in font [lmmono12-regular]:!
Missing character: There is no л (U+043B) in font [lmmono12-regular]:!
Missing character: There is no ш (U+0448) in font [lmmono12-regular]:!
Missing character: There is no а (U+0430) in font [lmmono12-regular]:!
Missing character: There is no г (U+0433) in font [lmmono12-regular]:!
Missing character: There is no о (U+043E) in font [lmmono12-regular]:!
Missing character: There is no в (U+0432) in font [lmmono12-regular]:!
Missing character: There is no с (U+0441) in font [lmmono12-regular]:!
Missing character: There is no о (U+043E) in font [lmmono12-regular]:!
Missing character: There is no х (U+0445) in font [lmmono12-regular]:!
Missing character: There is no р (U+0440) in font [lmmono12-regular]:!
Missing character: There is no а (U+0430) in font [lmmono12-regular]:!
Missing character: There is no н (U+043D) in font [lmmono12-regular]:!
Missing character: There is no ё (U+0451) in font [lmmono12-regular]:!
Missing character: There is no н (U+043D) in font [lmmono12-regular]:!
Missing character: There is no в (U+0432) in font [lmmono12-regular]:!
File: images/gui_main.png Graphic file (type bmp)
<images/gui_main.png>

LaTeX Warning: `!h' float specifier changed to `!ht'.

File: images/gui_animation.png Graphic file (type bmp)
<images/gui_animation.png>

LaTeX Warning: `!h' float specifier changed to `!ht'.

[25]

LaTeX Warning: Text page 26 contains only floats.


Overfull \vbox (11.1669pt too high) has occurred while \output is active []


[26]
File: images/stats_window.png Graphic file (type bmp)
<images/stats_window.png>
File: images/log_window.png Graphic file (type bmp)
<images/log_window.png>
 [27]) (./Заключение.tex [28]
Underfull \hbox (badness 1067) in paragraph at lines 4--5
[]\TU/TimesNewRoman(0)/m/n/14.4 В ходе выполнения курсовой работы была разработ
ана программ-
 []

) (./СписокИсточников.tex [29]
Underfull \hbox (badness 1077) in paragraph at lines 19--20
[]\TU/TimesNewRoman(0)/m/n/14.4 Шнайдер, Э. Разработка графических интерфейсов:
 принципы и
 []

) (./Код.tex [30]
Missing character: There is no К (U+041A) in font [lmmono10-regular]:!
Missing character: There is no л (U+043B) in font [lmmono10-regular]:!
Missing character: There is no а (U+0430) in font [lmmono10-regular]:!
Missing character: There is no с (U+0441) in font [lmmono10-regular]:!
Missing character: There is no с (U+0441) in font [lmmono10-regular]:!
Missing character: There is no п (U+043F) in font [lmmono10-regular]:!
Missing character: There is no р (U+0440) in font [lmmono10-regular]:!
Missing character: There is no а (U+0430) in font [lmmono10-regular]:!
Missing character: There is no в (U+0432) in font [lmmono10-regular]:!
Missing character: There is no и (U+0438) in font [lmmono10-regular]:!
Missing character: There is no л (U+043B) in font [lmmono10-regular]:!
Missing character: There is no а (U+0430) in font [lmmono10-regular]:!
Missing character: There is no М (U+041C) in font [lmmono10-regular]:!
Missing character: There is no а (U+0430) in font [lmmono10-regular]:!
Missing character: There is no р (U+0440) in font [lmmono10-regular]:!
Missing character: There is no к (U+043A) in font [lmmono10-regular]:!
Missing character: There is no о (U+043E) in font [lmmono10-regular]:!
Missing character: There is no в (U+0432) in font [lmmono10-regular]:!
Missing character: There is no а (U+0430) in font [lmmono10-regular]:!
Missing character: There is no л (U+043B) in font [lmmono10-regular]:!
Missing character: There is no е (U+0435) in font [lmmono10-regular]:!
Missing character: There is no в (U+0432) in font [lmmono10-regular]:!
Missing character: There is no а (U+0430) in font [lmmono10-regular]:!
Missing character: There is no я (U+044F) in font [lmmono10-regular]:!
Missing character: There is no ч (U+0447) in font [lmmono10-regular]:!
Missing character: There is no с (U+0441) in font [lmmono10-regular]:!
Missing character: There is no т (U+0442) in font [lmmono10-regular]:!
Missing character: There is no ь (U+044C) in font [lmmono10-regular]:!
Missing character: There is no п (U+043F) in font [lmmono10-regular]:!
Missing character: There is no р (U+0440) in font [lmmono10-regular]:!
Missing character: There is no а (U+0430) in font [lmmono10-regular]:!
Missing character: There is no в (U+0432) in font [lmmono10-regular]:!
Missing character: There is no и (U+0438) in font [lmmono10-regular]:!
Missing character: There is no л (U+043B) in font [lmmono10-regular]:!
Missing character: There is no а (U+0430) in font [lmmono10-regular]:!
Missing character: There is no п (U+043F) in font [lmmono10-regular]:!
Missing character: There is no р (U+0440) in font [lmmono10-regular]:!
Missing character: There is no а (U+0430) in font [lmmono10-regular]:!
Missing character: There is no в (U+0432) in font [lmmono10-regular]:!
Missing character: There is no а (U+0430) in font [lmmono10-regular]:!
Missing character: There is no я (U+044F) in font [lmmono10-regular]:!
Missing character: There is no ч (U+0447) in font [lmmono10-regular]:!
Missing character: There is no а (U+0430) in font [lmmono10-regular]:!
Missing character: There is no с (U+0441) in font [lmmono10-regular]:!
Missing character: There is no т (U+0442) in font [lmmono10-regular]:!
Missing character: There is no ь (U+044C) in font [lmmono10-regular]:!
Missing character: There is no п (U+043F) in font [lmmono10-regular]:!
Missing character: There is no р (U+0440) in font [lmmono10-regular]:!
Missing character: There is no а (U+0430) in font [lmmono10-regular]:!
Missing character: There is no в (U+0432) in font [lmmono10-regular]:!
Missing character: There is no и (U+0438) in font [lmmono10-regular]:!
Missing character: There is no л (U+043B) in font [lmmono10-regular]:!
Missing character: There is no а (U+0430) in font [lmmono10-regular]:!
Missing character: There is no п (U+043F) in font [lmmono10-regular]:!
Missing character: There is no р (U+0440) in font [lmmono10-regular]:!
Missing character: There is no а (U+0430) in font [lmmono10-regular]:!
Missing character: There is no в (U+0432) in font [lmmono10-regular]:!
Missing character: There is no и (U+0438) in font [lmmono10-regular]:!
Missing character: There is no л (U+043B) in font [lmmono10-regular]:!
Missing character: There is no о (U+043E) in font [lmmono10-regular]:!
Missing character: There is no с (U+0441) in font [lmmono10-regular]:!
Missing character: There is no т (U+0442) in font [lmmono10-regular]:!
Missing character: There is no о (U+043E) in font [lmmono10-regular]:!
Missing character: There is no ч (U+0447) in font [lmmono10-regular]:!
Missing character: There is no к (U+043A) in font [lmmono10-regular]:!
Missing character: There is no о (U+043E) in font [lmmono10-regular]:!
Missing character: There is no й (U+0439) in font [lmmono10-regular]:!
Missing character: There is no и (U+0438) in font [lmmono10-regular]:!
Missing character: There is no л (U+043B) in font [lmmono10-regular]:!
Missing character: There is no и (U+0438) in font [lmmono10-regular]:!
Missing character: There is no н (U+043D) in font [lmmono10-regular]:!
Missing character: There is no е (U+0435) in font [lmmono10-regular]:!
Missing character: There is no т (U+0442) in font [lmmono10-regular]:!
Missing character: There is no т (U+0442) in font [lmmono10-regular]:!
Missing character: There is no и (U+0438) in font [lmmono10-regular]:!
Missing character: There is no п (U+043F) in font [lmmono10-regular]:!
Missing character: There is no а (U+0430) in font [lmmono10-regular]:!
Missing character: There is no п (U+043F) in font [lmmono10-regular]:!
Missing character: There is no о (U+043E) in font [lmmono10-regular]:!
Missing character: There is no и (U+0438) in font [lmmono10-regular]:!
Missing character: There is no с (U+0441) in font [lmmono10-regular]:!
Missing character: There is no к (U+043A) in font [lmmono10-regular]:!
Missing character: There is no л (U+043B) in font [lmmono10-regular]:!
Missing character: There is no е (U+0435) in font [lmmono10-regular]:!
Missing character: There is no в (U+0432) in font [lmmono10-regular]:!
Missing character: There is no о (U+043E) in font [lmmono10-regular]:!
Missing character: There is no й (U+0439) in font [lmmono10-regular]:!
Missing character: There is no ч (U+0447) in font [lmmono10-regular]:!
Missing character: There is no а (U+0430) in font [lmmono10-regular]:!
Missing character: There is no с (U+0441) in font [lmmono10-regular]:!
Missing character: There is no т (U+0442) in font [lmmono10-regular]:!
Missing character: There is no и (U+0438) in font [lmmono10-regular]:!
Missing character: There is no в (U+0432) in font [lmmono10-regular]:!
Missing character: There is no с (U+0441) in font [lmmono10-regular]:!
Missing character: There is no т (U+0442) in font [lmmono10-regular]:!
Missing character: There is no р (U+0440) in font [lmmono10-regular]:!
Missing character: There is no о (U+043E) in font [lmmono10-regular]:!
Missing character: There is no к (U+043A) in font [lmmono10-regular]:!
Missing character: There is no е (U+0435) in font [lmmono10-regular]:!
Missing character: There is no и (U+0438) in font [lmmono10-regular]:!
Missing character: There is no з (U+0437) in font [lmmono10-regular]:!
Missing character: There is no а (U+0430) in font [lmmono10-regular]:!
Missing character: There is no м (U+043C) in font [lmmono10-regular]:!
Missing character: There is no е (U+0435) in font [lmmono10-regular]:!
Missing character: There is no н (U+043D) in font [lmmono10-regular]:!
Missing character: There is no а (U+0430) in font [lmmono10-regular]:!
Missing character: There is no е (U+0435) in font [lmmono10-regular]:!
Missing character: There is no ё (U+0451) in font [lmmono10-regular]:!
Missing character: There is no н (U+043D) in font [lmmono10-regular]:!
Missing character: There is no а (U+0430) in font [lmmono10-regular]:!
Missing character: There is no п (U+043F) in font [lmmono10-regular]:!
Missing character: There is no р (U+0440) in font [lmmono10-regular]:!
Missing character: There is no а (U+0430) in font [lmmono10-regular]:!
Missing character: There is no в (U+0432) in font [lmmono10-regular]:!
Missing character: There is no у (U+0443) in font [lmmono10-regular]:!
Missing character: There is no ю (U+044E) in font [lmmono10-regular]:!
Missing character: There is no т (U+0442) in font [lmmono10-regular]:!
Missing character: There is no о (U+043E) in font [lmmono10-regular]:!
Missing character: There is no л (U+043B) in font [lmmono10-regular]:!
Missing character: There is no ь (U+044C) in font [lmmono10-regular]:!
Missing character: There is no к (U+043A) in font [lmmono10-regular]:!
Missing character: There is no о (U+043E) in font [lmmono10-regular]:!
Missing character: There is no п (U+043F) in font [lmmono10-regular]:!
Missing character: There is no е (U+0435) in font [lmmono10-regular]:!
Missing character: There is no р (U+0440) in font [lmmono10-regular]:!
Missing character: There is no в (U+0432) in font [lmmono10-regular]:!
Missing character: There is no о (U+043E) in font [lmmono10-regular]:!
Missing character: There is no е (U+0435) in font [lmmono10-regular]:!
Missing character: There is no в (U+0432) in font [lmmono10-regular]:!
Missing character: There is no х (U+0445) in font [lmmono10-regular]:!
Missing character: There is no о (U+043E) in font [lmmono10-regular]:!
Missing character: There is no ж (U+0436) in font [lmmono10-regular]:!
Missing character: There is no д (U+0434) in font [lmmono10-regular]:!
Missing character: There is no е (U+0435) in font [lmmono10-regular]:!
Missing character: There is no н (U+043D) in font [lmmono10-regular]:!
Missing character: There is no и (U+0438) in font [lmmono10-regular]:!
Missing character: There is no е (U+0435) in font [lmmono10-regular]:!
Missing character: There is no К (U+041A) in font [lmmono10-regular]:!
Missing character: There is no л (U+043B) in font [lmmono10-regular]:!
Missing character: There is no а (U+0430) in font [lmmono10-regular]:!
Missing character: There is no с (U+0441) in font [lmmono10-regular]:!
Missing character: There is no с (U+0441) in font [lmmono10-regular]:!
Missing character: There is no с (U+0441) in font [lmmono10-regular]:!
Missing character: There is no и (U+0438) in font [lmmono10-regular]:!
Missing character: There is no с (U+0441) in font [lmmono10-regular]:!
Missing character: There is no т (U+0442) in font [lmmono10-regular]:!
Missing character: There is no е (U+0435) in font [lmmono10-regular]:!
Missing character: There is no м (U+043C) in font [lmmono10-regular]:!
Missing character: There is no ы (U+044B) in font [lmmono10-regular]:!
Missing character: There is no М (U+041C) in font [lmmono10-regular]:!
Missing character: There is no а (U+0430) in font [lmmono10-regular]:!
Missing character: There is no р (U+0440) in font [lmmono10-regular]:!
Missing character: There is no к (U+043A) in font [lmmono10-regular]:!
Missing character: There is no о (U+043E) in font [lmmono10-regular]:!
Missing character: There is no в (U+0432) in font [lmmono10-regular]:!
Missing character: There is no а (U+0430) in font [lmmono10-regular]:!
Missing character: There is no С (U+0421) in font [lmmono10-regular]:!
Missing character: There is no п (U+043F) in font [lmmono10-regular]:!
Missing character: There is no и (U+0438) in font [lmmono10-regular]:!
Missing character: There is no с (U+0441) in font [lmmono10-regular]:!
Missing character: There is no о (U+043E) in font [lmmono10-regular]:!
Missing character: There is no к (U+043A) in font [lmmono10-regular]:!
Missing character: There is no п (U+043F) in font [lmmono10-regular]:!
Missing character: There is no р (U+0440) in font [lmmono10-regular]:!
Missing character: There is no а (U+0430) in font [lmmono10-regular]:!
Missing character: There is no в (U+0432) in font [lmmono10-regular]:!
Missing character: There is no и (U+0438) in font [lmmono10-regular]:!
Missing character: There is no л (U+043B) in font [lmmono10-regular]:!
Missing character: There is no О (U+041E) in font [lmmono10-regular]:!
Missing character: There is no б (U+0431) in font [lmmono10-regular]:!
Missing character: There is no ъ (U+044A) in font [lmmono10-regular]:!
Missing character: There is no е (U+0435) in font [lmmono10-regular]:!
Missing character: There is no к (U+043A) in font [lmmono10-regular]:!
Missing character: There is no т (U+0442) in font [lmmono10-regular]:!
Missing character: There is no ы (U+044B) in font [lmmono10-regular]:!
Missing character: There is no к (U+043A) in font [lmmono10-regular]:!
Missing character: There is no а (U+0430) in font [lmmono10-regular]:!
Missing character: There is no с (U+0441) in font [lmmono10-regular]:!
Missing character: There is no с (U+0441) in font [lmmono10-regular]:!
Missing character: There is no а (U+0430) in font [lmmono10-regular]:!
Missing character: There is no с (U+0441) in font [lmmono10-regular]:!
Missing character: There is no ч (U+0447) in font [lmmono10-regular]:!
Missing character: There is no ё (U+0451) in font [lmmono10-regular]:!
Missing character: There is no т (U+0442) in font [lmmono10-regular]:!
Missing character: There is no ч (U+0447) in font [lmmono10-regular]:!
Missing character: There is no и (U+0438) in font [lmmono10-regular]:!
Missing character: There is no к (U+043A) in font [lmmono10-regular]:!
Missing character: There is no з (U+0437) in font [lmmono10-regular]:!
Missing character: There is no а (U+0430) in font [lmmono10-regular]:!
Missing character: There is no м (U+043C) in font [lmmono10-regular]:!
Missing character: There is no е (U+0435) in font [lmmono10-regular]:!
Missing character: There is no н (U+043D) in font [lmmono10-regular]:!
Missing character: There is no д (U+0434) in font [lmmono10-regular]:!
Missing character: There is no л (U+043B) in font [lmmono10-regular]:!
Missing character: There is no я (U+044F) in font [lmmono10-regular]:!
Missing character: There is no с (U+0441) in font [lmmono10-regular]:!
Missing character: There is no т (U+0442) in font [lmmono10-regular]:!
Missing character: There is no а (U+0430) in font [lmmono10-regular]:!
Missing character: There is no т (U+0442) in font [lmmono10-regular]:!
Missing character: There is no и (U+0438) in font [lmmono10-regular]:!
Missing character: There is no с (U+0441) in font [lmmono10-regular]:!
Missing character: There is no т (U+0442) in font [lmmono10-regular]:!
Missing character: There is no и (U+0438) in font [lmmono10-regular]:!
Missing character: There is no к (U+043A) in font [lmmono10-regular]:!
Missing character: There is no и (U+0438) in font [lmmono10-regular]:!
Missing character: There is no с (U+0441) in font [lmmono10-regular]:!
Missing character: There is no л (U+043B) in font [lmmono10-regular]:!
Missing character: There is no о (U+043E) in font [lmmono10-regular]:!
Missing character: There is no в (U+0432) in font [lmmono10-regular]:!
Missing character: There is no а (U+0430) in font [lmmono10-regular]:!
Missing character: There is no р (U+0440) in font [lmmono10-regular]:!
Missing character: There is no ь (U+044C) in font [lmmono10-regular]:!
Missing character: There is no х (U+0445) in font [lmmono10-regular]:!
Missing character: There is no р (U+0440) in font [lmmono10-regular]:!
Missing character: There is no а (U+0430) in font [lmmono10-regular]:!
Missing character: There is no н (U+043D) in font [lmmono10-regular]:!
Missing character: There is no и (U+0438) in font [lmmono10-regular]:!
Missing character: There is no т (U+0442) in font [lmmono10-regular]:!
Missing character: There is no в (U+0432) in font [lmmono10-regular]:!
Missing character: There is no с (U+0441) in font [lmmono10-regular]:!
Missing character: There is no е (U+0435) in font [lmmono10-regular]:!
Missing character: There is no б (U+0431) in font [lmmono10-regular]:!
Missing character: There is no е (U+0435) in font [lmmono10-regular]:!
Missing character: There is no к (U+043A) in font [lmmono10-regular]:!
Missing character: There is no о (U+043E) in font [lmmono10-regular]:!
Missing character: There is no л (U+043B) in font [lmmono10-regular]:!
Missing character: There is no и (U+0438) in font [lmmono10-regular]:!
Missing character: There is no ч (U+0447) in font [lmmono10-regular]:!
Missing character: There is no е (U+0435) in font [lmmono10-regular]:!
Missing character: There is no с (U+0441) in font [lmmono10-regular]:!
Missing character: There is no т (U+0442) in font [lmmono10-regular]:!
Missing character: There is no в (U+0432) in font [lmmono10-regular]:!
Missing character: There is no о (U+043E) in font [lmmono10-regular]:!
Missing character: There is no п (U+043F) in font [lmmono10-regular]:!
Missing character: There is no р (U+0440) in font [lmmono10-regular]:!
Missing character: There is no и (U+0438) in font [lmmono10-regular]:!
Missing character: There is no м (U+043C) in font [lmmono10-regular]:!
Missing character: There is no е (U+0435) in font [lmmono10-regular]:!
Missing character: There is no н (U+043D) in font [lmmono10-regular]:!
Missing character: There is no е (U+0435) in font [lmmono10-regular]:!
Missing character: There is no н (U+043D) in font [lmmono10-regular]:!
Missing character: There is no и (U+0438) in font [lmmono10-regular]:!
Missing character: There is no й (U+0439) in font [lmmono10-regular]:!
Missing character: There is no к (U+043A) in font [lmmono10-regular]:!
Missing character: There is no а (U+0430) in font [lmmono10-regular]:!
Missing character: There is no ж (U+0436) in font [lmmono10-regular]:!
Missing character: There is no д (U+0434) in font [lmmono10-regular]:!
Missing character: There is no о (U+043E) in font [lmmono10-regular]:!
Missing character: There is no г (U+0433) in font [lmmono10-regular]:!
Missing character: There is no о (U+043E) in font [lmmono10-regular]:!
Missing character: There is no п (U+043F) in font [lmmono10-regular]:!
Missing character: There is no р (U+0440) in font [lmmono10-regular]:!
Missing character: There is no а (U+0430) in font [lmmono10-regular]:!
Missing character: There is no в (U+0432) in font [lmmono10-regular]:!
Missing character: There is no и (U+0438) in font [lmmono10-regular]:!
Missing character: There is no л (U+043B) in font [lmmono10-regular]:!
Missing character: There is no а (U+0430) in font [lmmono10-regular]:!
Missing character: There is no х (U+0445) in font [lmmono10-regular]:!
Missing character: There is no р (U+0440) in font [lmmono10-regular]:!
Missing character: There is no а (U+0430) in font [lmmono10-regular]:!
Missing character: There is no н (U+043D) in font [lmmono10-regular]:!
Missing character: There is no и (U+0438) in font [lmmono10-regular]:!
Missing character: There is no т (U+0442) in font [lmmono10-regular]:!
Missing character: There is no д (U+0434) in font [lmmono10-regular]:!
Missing character: There is no л (U+043B) in font [lmmono10-regular]:!
Missing character: There is no и (U+0438) in font [lmmono10-regular]:!
Missing character: There is no н (U+043D) in font [lmmono10-regular]:!
Missing character: There is no у (U+0443) in font [lmmono10-regular]:!
Missing character: There is no с (U+0441) in font [lmmono10-regular]:!
Missing character: There is no т (U+0442) in font [lmmono10-regular]:!
Missing character: There is no р (U+0440) in font [lmmono10-regular]:!
Missing character: There is no о (U+043E) in font [lmmono10-regular]:!
Missing character: There is no к (U+043A) in font [lmmono10-regular]:!
Missing character: There is no и (U+0438) in font [lmmono10-regular]:!
Missing character: There is no н (U+043D) in font [lmmono10-regular]:!
Missing character: There is no а (U+0430) in font [lmmono10-regular]:!
Missing character: There is no к (U+043A) in font [lmmono10-regular]:!
Missing character: There is no а (U+0430) in font [lmmono10-regular]:!
Missing character: There is no ж (U+0436) in font [lmmono10-regular]:!
Missing character: There is no д (U+0434) in font [lmmono10-regular]:!
Missing character: There is no о (U+043E) in font [lmmono10-regular]:!
Missing character: There is no м (U+043C) in font [lmmono10-regular]:!
Missing character: There is no ш (U+0448) in font [lmmono10-regular]:!
Missing character: There is no а (U+0430) in font [lmmono10-regular]:!
Missing character: There is no г (U+0433) in font [lmmono10-regular]:!
Missing character: There is no у (U+0443) in font [lmmono10-regular]:!
Missing character: There is no н (U+043D) in font [lmmono10-regular]:!
Missing character: There is no у (U+0443) in font [lmmono10-regular]:!
Missing character: There is no ж (U+0436) in font [lmmono10-regular]:!
Missing character: There is no н (U+043D) in font [lmmono10-regular]:!
Missing character: There is no а (U+0430) in font [lmmono10-regular]:!
Missing character: There is no л (U+043B) in font [lmmono10-regular]:!
Missing character: There is no и (U+0438) in font [lmmono10-regular]:!
Missing character: There is no а (U+0430) in font [lmmono10-regular]:!
Missing character: There is no н (U+043D) in font [lmmono10-regular]:!
Missing character: There is no и (U+0438) in font [lmmono10-regular]:!
Missing character: There is no м (U+043C) in font [lmmono10-regular]:!
Missing character: There is no а (U+0430) in font [lmmono10-regular]:!
Missing character: There is no ц (U+0446) in font [lmmono10-regular]:!
Missing character: There is no и (U+0438) in font [lmmono10-regular]:!
Missing character: There is no я (U+044F) in font [lmmono10-regular]:!
Missing character: There is no и (U+0438) in font [lmmono10-regular]:!
Missing character: There is no л (U+043B) in font [lmmono10-regular]:!
Missing character: There is no и (U+0438) in font [lmmono10-regular]:!
Missing character: There is no н (U+043D) in font [lmmono10-regular]:!
Missing character: There is no е (U+0435) in font [lmmono10-regular]:!
Missing character: There is no т (U+0442) in font [lmmono10-regular]:!
Missing character: There is no з (U+0437) in font [lmmono10-regular]:!
Missing character: There is no а (U+0430) in font [lmmono10-regular]:!
Missing character: There is no п (U+043F) in font [lmmono10-regular]:!
Missing character: There is no у (U+0443) in font [lmmono10-regular]:!
Missing character: There is no с (U+0441) in font [lmmono10-regular]:!
Missing character: There is no к (U+043A) in font [lmmono10-regular]:!
Missing character: There is no с (U+0441) in font [lmmono10-regular]:!
Missing character: There is no и (U+0438) in font [lmmono10-regular]:!
Missing character: There is no с (U+0441) in font [lmmono10-regular]:!
Missing character: There is no т (U+0442) in font [lmmono10-regular]:!
Missing character: There is no е (U+0435) in font [lmmono10-regular]:!
Missing character: There is no м (U+043C) in font [lmmono10-regular]:!
Missing character: There is no ы (U+044B) in font [lmmono10-regular]:!
Missing character: There is no 🔹 (U+1F539) in font [lmmono10-regular]:!
Missing character: There is no З (U+0417) in font [lmmono10-regular]:!
Missing character: There is no а (U+0430) in font [lmmono10-regular]:!
Missing character: There is no п (U+043F) in font [lmmono10-regular]:!
Missing character: There is no у (U+0443) in font [lmmono10-regular]:!
Missing character: There is no с (U+0441) in font [lmmono10-regular]:!
Missing character: There is no к (U+043A) in font [lmmono10-regular]:!
Missing character: There is no с (U+0441) in font [lmmono10-regular]:!
Missing character: There is no и (U+0438) in font [lmmono10-regular]:!
Missing character: There is no с (U+0441) in font [lmmono10-regular]:!
Missing character: There is no т (U+0442) in font [lmmono10-regular]:!
Missing character: There is no е (U+0435) in font [lmmono10-regular]:!
Missing character: There is no м (U+043C) in font [lmmono10-regular]:!
Missing character: There is no ы (U+044B) in font [lmmono10-regular]:!
Missing character: There is no М (U+041C) in font [lmmono10-regular]:!
Missing character: There is no а (U+0430) in font [lmmono10-regular]:!
Missing character: There is no р (U+0440) in font [lmmono10-regular]:!
Missing character: There is no к (U+043A) in font [lmmono10-regular]:!
Missing character: There is no о (U+043E) in font [lmmono10-regular]:!
Missing character: There is no в (U+0432) in font [lmmono10-regular]:!
Missing character: There is no а (U+0430) in font [lmmono10-regular]:!
Missing character: There is no с (U+0441) in font [lmmono10-regular]:!
Missing character: There is no п (U+043F) in font [lmmono10-regular]:!
Missing character: There is no и (U+0438) in font [lmmono10-regular]:!
Missing character: There is no с (U+0441) in font [lmmono10-regular]:!
Missing character: There is no о (U+043E) in font [lmmono10-regular]:!
Missing character: There is no к (U+043A) in font [lmmono10-regular]:!
Missing character: There is no в (U+0432) in font [lmmono10-regular]:!
Missing character: There is no с (U+0441) in font [lmmono10-regular]:!
Missing character: There is no е (U+0435) in font [lmmono10-regular]:!
Missing character: There is no х (U+0445) in font [lmmono10-regular]:!
Missing character: There is no ш (U+0448) in font [lmmono10-regular]:!
Missing character: There is no а (U+0430) in font [lmmono10-regular]:!
Missing character: There is no г (U+0433) in font [lmmono10-regular]:!
Missing character: There is no о (U+043E) in font [lmmono10-regular]:!
Missing character: There is no в (U+0432) in font [lmmono10-regular]:!
Missing character: There is no п (U+043F) in font [lmmono10-regular]:!
Missing character: There is no р (U+0440) in font [lmmono10-regular]:!
Missing character: There is no е (U+0435) in font [lmmono10-regular]:!
Missing character: There is no о (U+043E) in font [lmmono10-regular]:!
Missing character: There is no б (U+0431) in font [lmmono10-regular]:!
Missing character: There is no р (U+0440) in font [lmmono10-regular]:!
Missing character: There is no а (U+0430) in font [lmmono10-regular]:!
Missing character: There is no з (U+0437) in font [lmmono10-regular]:!
Missing character: There is no о (U+043E) in font [lmmono10-regular]:!
Missing character: There is no в (U+0432) in font [lmmono10-regular]:!
Missing character: There is no а (U+0430) in font [lmmono10-regular]:!
Missing character: There is no н (U+043D) in font [lmmono10-regular]:!
Missing character: There is no и (U+0438) in font [lmmono10-regular]:!
Missing character: There is no й (U+0439) in font [lmmono10-regular]:!
Missing character: There is no п (U+043F) in font [lmmono10-regular]:!
Missing character: There is no р (U+0440) in font [lmmono10-regular]:!
Missing character: There is no о (U+043E) in font [lmmono10-regular]:!
Missing character: There is no в (U+0432) in font [lmmono10-regular]:!
Missing character: There is no е (U+0435) in font [lmmono10-regular]:!
Missing character: There is no р (U+0440) in font [lmmono10-regular]:!
Missing character: There is no к (U+043A) in font [lmmono10-regular]:!
Missing character: There is no а (U+0430) in font [lmmono10-regular]:!
Missing character: There is no п (U+043F) in font [lmmono10-regular]:!
Missing character: There is no р (U+0440) in font [lmmono10-regular]:!
Missing character: There is no а (U+0430) in font [lmmono10-regular]:!
Missing character: There is no в (U+0432) in font [lmmono10-regular]:!
Missing character: There is no и (U+0438) in font [lmmono10-regular]:!
Missing character: There is no л (U+043B) in font [lmmono10-regular]:!
Missing character: There is no п (U+043F) in font [lmmono10-regular]:!
Missing character: There is no о (U+043E) in font [lmmono10-regular]:!
Missing character: There is no п (U+043F) in font [lmmono10-regular]:!
Missing character: There is no о (U+043E) in font [lmmono10-regular]:!
Missing character: There is no р (U+0440) in font [lmmono10-regular]:!
Missing character: There is no я (U+044F) in font [lmmono10-regular]:!
Missing character: There is no д (U+0434) in font [lmmono10-regular]:!
Missing character: There is no к (U+043A) in font [lmmono10-regular]:!
Missing character: There is no у (U+0443) in font [lmmono10-regular]:!
[31]
Missing character: There is no е (U+0435) in font [lmmono10-regular]:!
Missing character: There is no с (U+0441) in font [lmmono10-regular]:!
Missing character: There is no л (U+043B) in font [lmmono10-regular]:!
Missing character: There is no и (U+0438) in font [lmmono10-regular]:!
Missing character: There is no н (U+043D) in font [lmmono10-regular]:!
Missing character: There is no е (U+0435) in font [lmmono10-regular]:!
Missing character: There is no е (U+0435) in font [lmmono10-regular]:!
Missing character: There is no с (U+0441) in font [lmmono10-regular]:!
Missing character: There is no т (U+0442) in font [lmmono10-regular]:!
Missing character: There is no ь (U+044C) in font [lmmono10-regular]:!
Missing character: There is no с (U+0441) in font [lmmono10-regular]:!
Missing character: There is no о (U+043E) in font [lmmono10-regular]:!
Missing character: There is no в (U+0432) in font [lmmono10-regular]:!
Missing character: There is no п (U+043F) in font [lmmono10-regular]:!
Missing character: There is no а (U+0430) in font [lmmono10-regular]:!
Missing character: There is no д (U+0434) in font [lmmono10-regular]:!
Missing character: There is no е (U+0435) in font [lmmono10-regular]:!
Missing character: There is no н (U+043D) in font [lmmono10-regular]:!
Missing character: There is no и (U+0438) in font [lmmono10-regular]:!
Missing character: There is no е (U+0435) in font [lmmono10-regular]:!
Missing character: There is no П (U+041F) in font [lmmono10-regular]:!
Missing character: There is no о (U+043E) in font [lmmono10-regular]:!
Missing character: There is no д (U+0434) in font [lmmono10-regular]:!
Missing character: There is no с (U+0441) in font [lmmono10-regular]:!
Missing character: There is no ч (U+0447) in font [lmmono10-regular]:!
Missing character: There is no ё (U+0451) in font [lmmono10-regular]:!
Missing character: There is no т (U+0442) in font [lmmono10-regular]:!
Missing character: There is no к (U+043A) in font [lmmono10-regular]:!
Missing character: There is no о (U+043E) in font [lmmono10-regular]:!
Missing character: There is no л (U+043B) in font [lmmono10-regular]:!
Missing character: There is no и (U+0438) in font [lmmono10-regular]:!
Missing character: There is no ч (U+0447) in font [lmmono10-regular]:!
Missing character: There is no е (U+0435) in font [lmmono10-regular]:!
Missing character: There is no с (U+0441) in font [lmmono10-regular]:!
Missing character: There is no т (U+0442) in font [lmmono10-regular]:!
Missing character: There is no в (U+0432) in font [lmmono10-regular]:!
Missing character: There is no а (U+0430) in font [lmmono10-regular]:!
Missing character: There is no п (U+043F) in font [lmmono10-regular]:!
Missing character: There is no р (U+0440) in font [lmmono10-regular]:!
Missing character: There is no и (U+0438) in font [lmmono10-regular]:!
Missing character: There is no м (U+043C) in font [lmmono10-regular]:!
Missing character: There is no е (U+0435) in font [lmmono10-regular]:!
Missing character: There is no н (U+043D) in font [lmmono10-regular]:!
Missing character: There is no е (U+0435) in font [lmmono10-regular]:!
Missing character: There is no н (U+043D) in font [lmmono10-regular]:!
Missing character: There is no и (U+0438) in font [lmmono10-regular]:!
Missing character: There is no й (U+0439) in font [lmmono10-regular]:!
Missing character: There is no к (U+043A) in font [lmmono10-regular]:!
Missing character: There is no а (U+0430) in font [lmmono10-regular]:!
Missing character: There is no ж (U+0436) in font [lmmono10-regular]:!
Missing character: There is no д (U+0434) in font [lmmono10-regular]:!
Missing character: There is no о (U+043E) in font [lmmono10-regular]:!
Missing character: There is no г (U+0433) in font [lmmono10-regular]:!
Missing character: There is no о (U+043E) in font [lmmono10-regular]:!
Missing character: There is no п (U+043F) in font [lmmono10-regular]:!
Missing character: There is no р (U+0440) in font [lmmono10-regular]:!
Missing character: There is no а (U+0430) in font [lmmono10-regular]:!
Missing character: There is no в (U+0432) in font [lmmono10-regular]:!
Missing character: There is no и (U+0438) in font [lmmono10-regular]:!
Missing character: There is no л (U+043B) in font [lmmono10-regular]:!
Missing character: There is no а (U+0430) in font [lmmono10-regular]:!
Missing character: There is no д (U+0434) in font [lmmono10-regular]:!
Missing character: There is no л (U+043B) in font [lmmono10-regular]:!
Missing character: There is no и (U+0438) in font [lmmono10-regular]:!
Missing character: There is no н (U+043D) in font [lmmono10-regular]:!
Missing character: There is no а (U+0430) in font [lmmono10-regular]:!
Missing character: There is no н (U+043D) in font [lmmono10-regular]:!
Missing character: There is no о (U+043E) in font [lmmono10-regular]:!
Missing character: There is no в (U+0432) in font [lmmono10-regular]:!
Missing character: There is no о (U+043E) in font [lmmono10-regular]:!
Missing character: There is no й (U+0439) in font [lmmono10-regular]:!
Missing character: There is no с (U+0441) in font [lmmono10-regular]:!
Missing character: There is no т (U+0442) in font [lmmono10-regular]:!
Missing character: There is no р (U+0440) in font [lmmono10-regular]:!
Missing character: There is no о (U+043E) in font [lmmono10-regular]:!
Missing character: There is no к (U+043A) in font [lmmono10-regular]:!
Missing character: There is no и (U+0438) in font [lmmono10-regular]:!
Missing character: There is no т (U+0442) in font [lmmono10-regular]:!
Missing character: There is no е (U+0435) in font [lmmono10-regular]:!
Missing character: There is no к (U+043A) in font [lmmono10-regular]:!
Missing character: There is no с (U+0441) in font [lmmono10-regular]:!
Missing character: There is no т (U+0442) in font [lmmono10-regular]:!
Missing character: There is no о (U+043E) in font [lmmono10-regular]:!
Missing character: There is no в (U+0432) in font [lmmono10-regular]:!
Missing character: There is no о (U+043E) in font [lmmono10-regular]:!
Missing character: There is no е (U+0435) in font [lmmono10-regular]:!
Missing character: There is no п (U+043F) in font [lmmono10-regular]:!
Missing character: There is no р (U+0440) in font [lmmono10-regular]:!
Missing character: There is no е (U+0435) in font [lmmono10-regular]:!
Missing character: There is no д (U+0434) in font [lmmono10-regular]:!
Missing character: There is no с (U+0441) in font [lmmono10-regular]:!
Missing character: There is no т (U+0442) in font [lmmono10-regular]:!
Missing character: There is no а (U+0430) in font [lmmono10-regular]:!
Missing character: There is no в (U+0432) in font [lmmono10-regular]:!
Missing character: There is no л (U+043B) in font [lmmono10-regular]:!
Missing character: There is no е (U+0435) in font [lmmono10-regular]:!
Missing character: There is no н (U+043D) in font [lmmono10-regular]:!
Missing character: There is no и (U+0438) in font [lmmono10-regular]:!
Missing character: There is no е (U+0435) in font [lmmono10-regular]:!
Missing character: There is no ш (U+0448) in font [lmmono10-regular]:!
Missing character: There is no а (U+0430) in font [lmmono10-regular]:!
Missing character: There is no г (U+0433) in font [lmmono10-regular]:!
Missing character: There is no а (U+0430) in font [lmmono10-regular]:!
Missing character: There is no п (U+043F) in font [lmmono10-regular]:!
Missing character: There is no р (U+0440) in font [lmmono10-regular]:!
Missing character: There is no а (U+0430) in font [lmmono10-regular]:!
Missing character: There is no в (U+0432) in font [lmmono10-regular]:!
Missing character: There is no и (U+0438) in font [lmmono10-regular]:!
Missing character: There is no л (U+043B) in font [lmmono10-regular]:!
Missing character: There is no о (U+043E) in font [lmmono10-regular]:!
Missing character: There is no т (U+0442) in font [lmmono10-regular]:!
Missing character: There is no е (U+0435) in font [lmmono10-regular]:!
Missing character: There is no к (U+043A) in font [lmmono10-regular]:!
Missing character: There is no с (U+0441) in font [lmmono10-regular]:!
Missing character: There is no т (U+0442) in font [lmmono10-regular]:!
Missing character: There is no о (U+043E) in font [lmmono10-regular]:!
Missing character: There is no в (U+0432) in font [lmmono10-regular]:!
Missing character: There is no о (U+043E) in font [lmmono10-regular]:!
Missing character: There is no е (U+0435) in font [lmmono10-regular]:!
Missing character: There is no п (U+043F) in font [lmmono10-regular]:!
Missing character: There is no р (U+0440) in font [lmmono10-regular]:!
Missing character: There is no е (U+0435) in font [lmmono10-regular]:!
Missing character: There is no д (U+0434) in font [lmmono10-regular]:!
Missing character: There is no с (U+0441) in font [lmmono10-regular]:!
Missing character: There is no т (U+0442) in font [lmmono10-regular]:!
Missing character: There is no а (U+0430) in font [lmmono10-regular]:!
Missing character: There is no в (U+0432) in font [lmmono10-regular]:!
Missing character: There is no л (U+043B) in font [lmmono10-regular]:!
Missing character: There is no е (U+0435) in font [lmmono10-regular]:!
Missing character: There is no н (U+043D) in font [lmmono10-regular]:!
Missing character: There is no и (U+0438) in font [lmmono10-regular]:!
Missing character: There is no е (U+0435) in font [lmmono10-regular]:!
Missing character: There is no ш (U+0448) in font [lmmono10-regular]:!
Missing character: There is no а (U+0430) in font [lmmono10-regular]:!
Missing character: There is no г (U+0433) in font [lmmono10-regular]:!
Missing character: There is no а (U+0430) in font [lmmono10-regular]:!
Missing character: There is no в (U+0432) in font [lmmono10-regular]:!
Missing character: There is no к (U+043A) in font [lmmono10-regular]:!
Missing character: There is no о (U+043E) in font [lmmono10-regular]:!
Missing character: There is no н (U+043D) in font [lmmono10-regular]:!
Missing character: There is no с (U+0441) in font [lmmono10-regular]:!
Missing character: There is no о (U+043E) in font [lmmono10-regular]:!
Missing character: There is no л (U+043B) in font [lmmono10-regular]:!
Missing character: There is no и (U+0438) in font [lmmono10-regular]:!
Missing character: There is no з (U+0437) in font [lmmono10-regular]:!
Missing character: There is no а (U+0430) in font [lmmono10-regular]:!
Missing character: There is no п (U+043F) in font [lmmono10-regular]:!
Missing character: There is no о (U+043E) in font [lmmono10-regular]:!
Missing character: There is no м (U+043C) in font [lmmono10-regular]:!
Missing character: There is no и (U+0438) in font [lmmono10-regular]:!
Missing character: There is no н (U+043D) in font [lmmono10-regular]:!
Missing character: There is no а (U+0430) in font [lmmono10-regular]:!
Missing character: There is no е (U+0435) in font [lmmono10-regular]:!
Missing character: There is no м (U+043C) in font [lmmono10-regular]:!
Missing character: There is no в (U+0432) in font [lmmono10-regular]:!
Missing character: There is no л (U+043B) in font [lmmono10-regular]:!
Missing character: There is no о (U+043E) in font [lmmono10-regular]:!
Missing character: There is no г (U+0433) in font [lmmono10-regular]:!
Missing character: There is no а (U+0430) in font [lmmono10-regular]:!
Missing character: There is no х (U+0445) in font [lmmono10-regular]:!
Missing character: There is no о (U+043E) in font [lmmono10-regular]:!
Missing character: There is no б (U+0431) in font [lmmono10-regular]:!
Missing character: There is no н (U+043D) in font [lmmono10-regular]:!
Missing character: There is no о (U+043E) in font [lmmono10-regular]:!
Missing character: There is no в (U+0432) in font [lmmono10-regular]:!
Missing character: There is no л (U+043B) in font [lmmono10-regular]:!
Missing character: There is no я (U+044F) in font [lmmono10-regular]:!
Missing character: There is no е (U+0435) in font [lmmono10-regular]:!
Missing character: There is no м (U+043C) in font [lmmono10-regular]:!
Missing character: There is no с (U+0441) in font [lmmono10-regular]:!
Missing character: There is no т (U+0442) in font [lmmono10-regular]:!
Missing character: There is no р (U+0440) in font [lmmono10-regular]:!
Missing character: There is no о (U+043E) in font [lmmono10-regular]:!
Missing character: There is no к (U+043A) in font [lmmono10-regular]:!
Missing character: There is no у (U+0443) in font [lmmono10-regular]:!
Missing character: There is no и (U+0438) in font [lmmono10-regular]:!
Missing character: There is no м (U+043C) in font [lmmono10-regular]:!
Missing character: There is no и (U+0438) in font [lmmono10-regular]:!
Missing character: There is no т (U+0442) in font [lmmono10-regular]:!
Missing character: There is no а (U+0430) in font [lmmono10-regular]:!
Missing character: There is no ц (U+0446) in font [lmmono10-regular]:!
Missing character: There is no и (U+0438) in font [lmmono10-regular]:!
Missing character: There is no я (U+044F) in font [lmmono10-regular]:!
Missing character: There is no а (U+0430) in font [lmmono10-regular]:!
Missing character: There is no н (U+043D) in font [lmmono10-regular]:!
Missing character: There is no и (U+0438) in font [lmmono10-regular]:!
Missing character: There is no м (U+043C) in font [lmmono10-regular]:!
Missing character: There is no а (U+0430) in font [lmmono10-regular]:!
Missing character: There is no ц (U+0446) in font [lmmono10-regular]:!
Missing character: There is no и (U+0438) in font [lmmono10-regular]:!
Missing character: There is no и (U+0438) in font [lmmono10-regular]:!
Missing character: There is no е (U+0435) in font [lmmono10-regular]:!
Missing character: There is no с (U+0441) in font [lmmono10-regular]:!
Missing character: There is no л (U+043B) in font [lmmono10-regular]:!
Missing character: There is no и (U+0438) in font [lmmono10-regular]:!
Missing character: There is no н (U+043D) in font [lmmono10-regular]:!
Missing character: There is no е (U+0435) in font [lmmono10-regular]:!
Missing character: There is no А (U+0410) in font [lmmono10-regular]:!
Missing character: There is no л (U+043B) in font [lmmono10-regular]:!
Missing character: There is no г (U+0433) in font [lmmono10-regular]:!
Missing character: There is no о (U+043E) in font [lmmono10-regular]:!
Missing character: There is no р (U+0440) in font [lmmono10-regular]:!
Missing character: There is no и (U+0438) in font [lmmono10-regular]:!
Missing character: There is no т (U+0442) in font [lmmono10-regular]:!
Missing character: There is no м (U+043C) in font [lmmono10-regular]:!
Missing character: There is no з (U+0437) in font [lmmono10-regular]:!
Missing character: There is no а (U+0430) in font [lmmono10-regular]:!
Missing character: There is no в (U+0432) in font [lmmono10-regular]:!
Missing character: There is no е (U+0435) in font [lmmono10-regular]:!
Missing character: There is no р (U+0440) in font [lmmono10-regular]:!
Missing character: There is no ш (U+0448) in font [lmmono10-regular]:!
Missing character: There is no ё (U+0451) in font [lmmono10-regular]:!
Missing character: There is no н (U+043D) in font [lmmono10-regular]:!
Missing character: There is no п (U+043F) in font [lmmono10-regular]:!
Missing character: There is no р (U+0440) in font [lmmono10-regular]:!
Missing character: There is no а (U+0430) in font [lmmono10-regular]:!
Missing character: There is no в (U+0432) in font [lmmono10-regular]:!
Missing character: There is no и (U+0438) in font [lmmono10-regular]:!
Missing character: There is no л (U+043B) in font [lmmono10-regular]:!
Missing character: There is no о (U+043E) in font [lmmono10-regular]:!
Missing character: There is no с (U+0441) in font [lmmono10-regular]:!
Missing character: There is no т (U+0442) in font [lmmono10-regular]:!
Missing character: There is no о (U+043E) in font [lmmono10-regular]:!
Missing character: There is no ч (U+0447) in font [lmmono10-regular]:!
Missing character: There is no к (U+043A) in font [lmmono10-regular]:!
Missing character: There is no о (U+043E) in font [lmmono10-regular]:!
Missing character: There is no й (U+0439) in font [lmmono10-regular]:!
Missing character: There is no П (U+041F) in font [lmmono10-regular]:!
Missing character: There is no о (U+043E) in font [lmmono10-regular]:!
Missing character: There is no с (U+0441) in font [lmmono10-regular]:!
Missing character: There is no л (U+043B) in font [lmmono10-regular]:!
Missing character: There is no е (U+0435) in font [lmmono10-regular]:!
Missing character: There is no л (U+043B) in font [lmmono10-regular]:!
Missing character: There is no ю (U+044E) in font [lmmono10-regular]:!
Missing character: There is no б (U+0431) in font [lmmono10-regular]:!
Missing character: There is no о (U+043E) in font [lmmono10-regular]:!
Missing character: There is no г (U+0433) in font [lmmono10-regular]:!
Missing character: There is no о (U+043E) in font [lmmono10-regular]:!
Missing character: There is no у (U+0443) in font [lmmono10-regular]:!
Missing character: There is no с (U+0441) in font [lmmono10-regular]:!
Missing character: There is no п (U+043F) in font [lmmono10-regular]:!
Missing character: There is no е (U+0435) in font [lmmono10-regular]:!
Missing character: There is no ш (U+0448) in font [lmmono10-regular]:!
Missing character: There is no н (U+043D) in font [lmmono10-regular]:!
Missing character: There is no о (U+043E) in font [lmmono10-regular]:!
Missing character: There is no г (U+0433) in font [lmmono10-regular]:!
Missing character: There is no о (U+043E) in font [lmmono10-regular]:!
Missing character: There is no ш (U+0448) in font [lmmono10-regular]:!
Missing character: There is no а (U+0430) in font [lmmono10-regular]:!
Missing character: There is no г (U+0433) in font [lmmono10-regular]:!
Missing character: There is no а (U+0430) in font [lmmono10-regular]:!
Missing character: There is no с (U+0441) in font [lmmono10-regular]:!
Missing character: There is no н (U+043D) in font [lmmono10-regular]:!
Missing character: There is no о (U+043E) in font [lmmono10-regular]:!
Missing character: There is no в (U+0432) in font [lmmono10-regular]:!
Missing character: There is no а (U+0430) in font [lmmono10-regular]:!
Missing character: There is no н (U+043D) in font [lmmono10-regular]:!
Missing character: There is no а (U+0430) in font [lmmono10-regular]:!
Missing character: There is no ч (U+0447) in font [lmmono10-regular]:!
Missing character: There is no и (U+0438) in font [lmmono10-regular]:!
Missing character: There is no н (U+043D) in font [lmmono10-regular]:!
Missing character: There is no а (U+0430) in font [lmmono10-regular]:!
Missing character: There is no е (U+0435) in font [lmmono10-regular]:!
Missing character: There is no м (U+043C) in font [lmmono10-regular]:!
Missing character: There is no с (U+0441) in font [lmmono10-regular]:!
Missing character: There is no п (U+043F) in font [lmmono10-regular]:!
Missing character: There is no е (U+0435) in font [lmmono10-regular]:!
Missing character: There is no р (U+0440) in font [lmmono10-regular]:!
Missing character: There is no в (U+0432) in font [lmmono10-regular]:!
Missing character: There is no о (U+043E) in font [lmmono10-regular]:!
Missing character: There is no г (U+0433) in font [lmmono10-regular]:!
Missing character: There is no о (U+043E) in font [lmmono10-regular]:!
Missing character: There is no п (U+043F) in font [lmmono10-regular]:!
Missing character: There is no р (U+0440) in font [lmmono10-regular]:!
Missing character: There is no а (U+0430) in font [lmmono10-regular]:!
Missing character: There is no в (U+0432) in font [lmmono10-regular]:!
Missing character: There is no и (U+0438) in font [lmmono10-regular]:!
Missing character: There is no л (U+043B) in font [lmmono10-regular]:!
Missing character: There is no а (U+0430) in font [lmmono10-regular]:!
Missing character: There is no Е (U+0415) in font [lmmono10-regular]:!
Missing character: There is no с (U+0441) in font [lmmono10-regular]:!
Missing character: There is no л (U+043B) in font [lmmono10-regular]:!
Missing character: There is no и (U+0438) in font [lmmono10-regular]:!
Missing character: There is no н (U+043D) in font [lmmono10-regular]:!
Missing character: There is no е (U+0435) in font [lmmono10-regular]:!
Missing character: There is no н (U+043D) in font [lmmono10-regular]:!
Missing character: There is no а (U+0430) in font [lmmono10-regular]:!
Missing character: There is no ш (U+0448) in font [lmmono10-regular]:!
Missing character: There is no л (U+043B) in font [lmmono10-regular]:!
Missing character: There is no о (U+043E) in font [lmmono10-regular]:!
Missing character: There is no с (U+0441) in font [lmmono10-regular]:!
Missing character: There is no ь (U+044C) in font [lmmono10-regular]:!
Missing character: There is no н (U+043D) in font [lmmono10-regular]:!
Missing character: There is no и (U+0438) in font [lmmono10-regular]:!
Missing character: There is no о (U+043E) in font [lmmono10-regular]:!
Missing character: There is no д (U+0434) in font [lmmono10-regular]:!
Missing character: There is no н (U+043D) in font [lmmono10-regular]:!
Missing character: There is no о (U+043E) in font [lmmono10-regular]:!
Missing character: There is no г (U+0433) in font [lmmono10-regular]:!
Missing character: There is no о (U+043E) in font [lmmono10-regular]:!
Missing character: There is no п (U+043F) in font [lmmono10-regular]:!
Missing character: There is no р (U+0440) in font [lmmono10-regular]:!
Missing character: There is no и (U+0438) in font [lmmono10-regular]:!
Missing character: There is no м (U+043C) in font [lmmono10-regular]:!
Missing character: There is no е (U+0435) in font [lmmono10-regular]:!
Missing character: There is no н (U+043D) in font [lmmono10-regular]:!
Missing character: There is no и (U+0438) in font [lmmono10-regular]:!
Missing character: There is no м (U+043C) in font [lmmono10-regular]:!
Missing character: There is no о (U+043E) in font [lmmono10-regular]:!
Missing character: There is no г (U+0433) in font [lmmono10-regular]:!
Missing character: There is no о (U+043E) in font [lmmono10-regular]:!
Missing character: There is no п (U+043F) in font [lmmono10-regular]:!
Missing character: There is no р (U+0440) in font [lmmono10-regular]:!
Missing character: There is no а (U+0430) in font [lmmono10-regular]:!
Missing character: There is no в (U+0432) in font [lmmono10-regular]:!
Missing character: There is no и (U+0438) in font [lmmono10-regular]:!
Missing character: There is no л (U+043B) in font [lmmono10-regular]:!
Missing character: There is no а (U+0430) in font [lmmono10-regular]:!
Missing character: There is no Б (U+0411) in font [lmmono10-regular]:!
Missing character: There is no о (U+043E) in font [lmmono10-regular]:!
Missing character: There is no л (U+043B) in font [lmmono10-regular]:!
Missing character: There is no ь (U+044C) in font [lmmono10-regular]:!
Missing character: There is no ш (U+0448) in font [lmmono10-regular]:!
Missing character: There is no е (U+0435) in font [lmmono10-regular]:!
Missing character: There is no н (U+043D) in font [lmmono10-regular]:!
Missing character: There is no е (U+0435) in font [lmmono10-regular]:!
Missing character: There is no т (U+0442) in font [lmmono10-regular]:!
Missing character: There is no п (U+043F) in font [lmmono10-regular]:!
Missing character: There is no р (U+0440) in font [lmmono10-regular]:!
Missing character: There is no и (U+0438) in font [lmmono10-regular]:!
Missing character: There is no м (U+043C) in font [lmmono10-regular]:!
Missing character: There is no е (U+0435) in font [lmmono10-regular]:!
Missing character: There is no н (U+043D) in font [lmmono10-regular]:!
Missing character: There is no и (U+0438) in font [lmmono10-regular]:!
Missing character: There is no м (U+043C) in font [lmmono10-regular]:!
Missing character: There is no ы (U+044B) in font [lmmono10-regular]:!
Missing character: There is no х (U+0445) in font [lmmono10-regular]:!
Missing character: There is no п (U+043F) in font [lmmono10-regular]:!
Missing character: There is no р (U+0440) in font [lmmono10-regular]:!
Missing character: There is no а (U+0430) in font [lmmono10-regular]:!
Missing character: There is no в (U+0432) in font [lmmono10-regular]:!
Missing character: There is no и (U+0438) in font [lmmono10-regular]:!
Missing character: There is no л (U+043B) in font [lmmono10-regular]:!
Missing character: There is no ф (U+0444) in font [lmmono10-regular]:!
Missing character: There is no у (U+0443) in font [lmmono10-regular]:!
Missing character: There is no н (U+043D) in font [lmmono10-regular]:!
Missing character: There is no к (U+043A) in font [lmmono10-regular]:!
Missing character: There is no ц (U+0446) in font [lmmono10-regular]:!
Missing character: There is no и (U+0438) in font [lmmono10-regular]:!
Missing character: There is no я (U+044F) in font [lmmono10-regular]:!
Missing character: There is no с (U+0441) in font [lmmono10-regular]:!
Missing character: There is no о (U+043E) in font [lmmono10-regular]:!
Missing character: There is no х (U+0445) in font [lmmono10-regular]:!
Missing character: There is no р (U+0440) in font [lmmono10-regular]:!
Missing character: There is no а (U+0430) in font [lmmono10-regular]:!
Missing character: There is no н (U+043D) in font [lmmono10-regular]:!
Missing character: There is no е (U+0435) in font [lmmono10-regular]:!
Missing character: There is no н (U+043D) in font [lmmono10-regular]:!
Missing character: There is no и (U+0438) in font [lmmono10-regular]:!
Missing character: There is no я (U+044F) in font [lmmono10-regular]:!
Missing character: There is no ж (U+0436) in font [lmmono10-regular]:!
Missing character: There is no у (U+0443) in font [lmmono10-regular]:!
Missing character: There is no р (U+0440) in font [lmmono10-regular]:!
Missing character: There is no н (U+043D) in font [lmmono10-regular]:!
Missing character: There is no а (U+0430) in font [lmmono10-regular]:!
Missing character: There is no л (U+043B) in font [lmmono10-regular]:!
Missing character: There is no а (U+0430) in font [lmmono10-regular]:!
Missing character: There is no ш (U+0448) in font [lmmono10-regular]:!
Missing character: There is no а (U+0430) in font [lmmono10-regular]:!
Missing character: There is no г (U+0433) in font [lmmono10-regular]:!
Missing character: There is no о (U+043E) in font [lmmono10-regular]:!
Missing character: There is no в (U+0432) in font [lmmono10-regular]:!
Missing character: There is no в (U+0432) in font [lmmono10-regular]:!
[32]
Missing character: There is no Ж (U+0416) in font [lmmono10-regular]:!
Missing character: There is no у (U+0443) in font [lmmono10-regular]:!
Missing character: There is no р (U+0440) in font [lmmono10-regular]:!
Missing character: There is no н (U+043D) in font [lmmono10-regular]:!
Missing character: There is no а (U+0430) in font [lmmono10-regular]:!
Missing character: There is no л (U+043B) in font [lmmono10-regular]:!
Missing character: There is no ш (U+0448) in font [lmmono10-regular]:!
Missing character: There is no а (U+0430) in font [lmmono10-regular]:!
Missing character: There is no г (U+0433) in font [lmmono10-regular]:!
Missing character: There is no о (U+043E) in font [lmmono10-regular]:!
Missing character: There is no в (U+0432) in font [lmmono10-regular]:!
Missing character: There is no с (U+0441) in font [lmmono10-regular]:!
Missing character: There is no о (U+043E) in font [lmmono10-regular]:!
Missing character: There is no х (U+0445) in font [lmmono10-regular]:!
Missing character: There is no р (U+0440) in font [lmmono10-regular]:!
Missing character: There is no а (U+0430) in font [lmmono10-regular]:!
Missing character: There is no н (U+043D) in font [lmmono10-regular]:!
Missing character: There is no ё (U+0451) in font [lmmono10-regular]:!
Missing character: There is no н (U+043D) in font [lmmono10-regular]:!
Missing character: There is no в (U+0432) in font [lmmono10-regular]:!
Missing character: There is no П (U+041F) in font [lmmono10-regular]:!
Missing character: There is no о (U+043E) in font [lmmono10-regular]:!
Missing character: There is no к (U+043A) in font [lmmono10-regular]:!
Missing character: There is no а (U+0430) in font [lmmono10-regular]:!
Missing character: There is no з (U+0437) in font [lmmono10-regular]:!
Missing character: There is no с (U+0441) in font [lmmono10-regular]:!
Missing character: There is no т (U+0442) in font [lmmono10-regular]:!
Missing character: There is no а (U+0430) in font [lmmono10-regular]:!
Missing character: There is no т (U+0442) in font [lmmono10-regular]:!
Missing character: There is no и (U+0438) in font [lmmono10-regular]:!
Missing character: There is no с (U+0441) in font [lmmono10-regular]:!
Missing character: There is no т (U+0442) in font [lmmono10-regular]:!
Missing character: There is no и (U+0438) in font [lmmono10-regular]:!
Missing character: There is no к (U+043A) in font [lmmono10-regular]:!
Missing character: There is no и (U+0438) in font [lmmono10-regular]:!
Missing character: There is no С (U+0421) in font [lmmono10-regular]:!
Missing character: There is no т (U+0442) in font [lmmono10-regular]:!
Missing character: There is no а (U+0430) in font [lmmono10-regular]:!
Missing character: There is no т (U+0442) in font [lmmono10-regular]:!
Missing character: There is no и (U+0438) in font [lmmono10-regular]:!
Missing character: There is no с (U+0441) in font [lmmono10-regular]:!
Missing character: There is no т (U+0442) in font [lmmono10-regular]:!
Missing character: There is no и (U+0438) in font [lmmono10-regular]:!
Missing character: There is no к (U+043A) in font [lmmono10-regular]:!
Missing character: There is no а (U+0430) in font [lmmono10-regular]:!
Missing character: There is no в (U+0432) in font [lmmono10-regular]:!
Missing character: There is no ы (U+044B) in font [lmmono10-regular]:!
Missing character: There is no п (U+043F) in font [lmmono10-regular]:!
Missing character: There is no о (U+043E) in font [lmmono10-regular]:!
Missing character: There is no л (U+043B) in font [lmmono10-regular]:!
Missing character: There is no н (U+043D) in font [lmmono10-regular]:!
Missing character: There is no е (U+0435) in font [lmmono10-regular]:!
Missing character: There is no н (U+043D) in font [lmmono10-regular]:!
Missing character: There is no и (U+0438) in font [lmmono10-regular]:!
Missing character: There is no я (U+044F) in font [lmmono10-regular]:!
Missing character: There is no В (U+0412) in font [lmmono10-regular]:!
Missing character: There is no с (U+0441) in font [lmmono10-regular]:!
Missing character: There is no е (U+0435) in font [lmmono10-regular]:!
Missing character: There is no г (U+0433) in font [lmmono10-regular]:!
Missing character: There is no о (U+043E) in font [lmmono10-regular]:!
Missing character: There is no ш (U+0448) in font [lmmono10-regular]:!
Missing character: There is no а (U+0430) in font [lmmono10-regular]:!
Missing character: There is no г (U+0433) in font [lmmono10-regular]:!
Missing character: There is no о (U+043E) in font [lmmono10-regular]:!
Missing character: There is no в (U+0432) in font [lmmono10-regular]:!
Missing character: There is no р (U+0440) in font [lmmono10-regular]:!
Missing character: There is no а (U+0430) in font [lmmono10-regular]:!
Missing character: There is no с (U+0441) in font [lmmono10-regular]:!
Missing character: There is no с (U+0441) in font [lmmono10-regular]:!
Missing character: There is no ч (U+0447) in font [lmmono10-regular]:!
Missing character: There is no и (U+0438) in font [lmmono10-regular]:!
Missing character: There is no т (U+0442) in font [lmmono10-regular]:!
Missing character: There is no ы (U+044B) in font [lmmono10-regular]:!
Missing character: There is no в (U+0432) in font [lmmono10-regular]:!
Missing character: There is no а (U+0430) in font [lmmono10-regular]:!
Missing character: There is no е (U+0435) in font [lmmono10-regular]:!
Missing character: There is no м (U+043C) in font [lmmono10-regular]:!
Missing character: There is no с (U+0441) in font [lmmono10-regular]:!
Missing character: There is no р (U+0440) in font [lmmono10-regular]:!
Missing character: There is no е (U+0435) in font [lmmono10-regular]:!
Missing character: There is no д (U+0434) in font [lmmono10-regular]:!
Missing character: There is no н (U+043D) in font [lmmono10-regular]:!
Missing character: There is no ю (U+044E) in font [lmmono10-regular]:!
Missing character: There is no ю (U+044E) in font [lmmono10-regular]:!
Missing character: There is no д (U+0434) in font [lmmono10-regular]:!
Missing character: There is no л (U+043B) in font [lmmono10-regular]:!
Missing character: There is no и (U+0438) in font [lmmono10-regular]:!
Missing character: There is no н (U+043D) in font [lmmono10-regular]:!
Missing character: There is no у (U+0443) in font [lmmono10-regular]:!
Missing character: There is no с (U+0441) in font [lmmono10-regular]:!
Missing character: There is no т (U+0442) in font [lmmono10-regular]:!
Missing character: There is no р (U+0440) in font [lmmono10-regular]:!
Missing character: There is no о (U+043E) in font [lmmono10-regular]:!
Missing character: There is no к (U+043A) in font [lmmono10-regular]:!
Missing character: There is no и (U+0438) in font [lmmono10-regular]:!
Missing character: There is no С (U+0421) in font [lmmono10-regular]:!
Missing character: There is no р (U+0440) in font [lmmono10-regular]:!
Missing character: There is no е (U+0435) in font [lmmono10-regular]:!
Missing character: There is no д (U+0434) in font [lmmono10-regular]:!
Missing character: There is no н (U+043D) in font [lmmono10-regular]:!
Missing character: There is no я (U+044F) in font [lmmono10-regular]:!
Missing character: There is no я (U+044F) in font [lmmono10-regular]:!
Missing character: There is no д (U+0434) in font [lmmono10-regular]:!
Missing character: There is no л (U+043B) in font [lmmono10-regular]:!
Missing character: There is no и (U+0438) in font [lmmono10-regular]:!
Missing character: There is no н (U+043D) in font [lmmono10-regular]:!
Missing character: There is no а (U+0430) in font [lmmono10-regular]:!
Missing character: There is no с (U+0441) in font [lmmono10-regular]:!
Missing character: There is no т (U+0442) in font [lmmono10-regular]:!
Missing character: There is no р (U+0440) in font [lmmono10-regular]:!
Missing character: There is no о (U+043E) in font [lmmono10-regular]:!
Missing character: There is no к (U+043A) in font [lmmono10-regular]:!
Missing character: There is no и (U+0438) in font [lmmono10-regular]:!
Missing character: There is no н (U+043D) in font [lmmono10-regular]:!
Missing character: There is no а (U+0430) in font [lmmono10-regular]:!
Missing character: There is no х (U+0445) in font [lmmono10-regular]:!
Missing character: There is no о (U+043E) in font [lmmono10-regular]:!
Missing character: There is no д (U+0434) in font [lmmono10-regular]:!
Missing character: There is no и (U+0438) in font [lmmono10-regular]:!
Missing character: There is no м (U+043C) in font [lmmono10-regular]:!
Missing character: There is no п (U+043F) in font [lmmono10-regular]:!
Missing character: There is no р (U+0440) in font [lmmono10-regular]:!
Missing character: There is no а (U+0430) in font [lmmono10-regular]:!
Missing character: There is no в (U+0432) in font [lmmono10-regular]:!
Missing character: There is no и (U+0438) in font [lmmono10-regular]:!
Missing character: There is no л (U+043B) in font [lmmono10-regular]:!
Missing character: There is no о (U+043E) in font [lmmono10-regular]:!
Missing character: There is no к (U+043A) in font [lmmono10-regular]:!
Missing character: There is no о (U+043E) in font [lmmono10-regular]:!
Missing character: There is no т (U+0442) in font [lmmono10-regular]:!
Missing character: There is no о (U+043E) in font [lmmono10-regular]:!
Missing character: There is no р (U+0440) in font [lmmono10-regular]:!
Missing character: There is no о (U+043E) in font [lmmono10-regular]:!
Missing character: There is no е (U+0435) in font [lmmono10-regular]:!
Missing character: There is no п (U+043F) in font [lmmono10-regular]:!
Missing character: There is no р (U+0440) in font [lmmono10-regular]:!
Missing character: There is no и (U+0438) in font [lmmono10-regular]:!
Missing character: There is no м (U+043C) in font [lmmono10-regular]:!
Missing character: There is no е (U+0435) in font [lmmono10-regular]:!
Missing character: There is no н (U+043D) in font [lmmono10-regular]:!
Missing character: There is no я (U+044F) in font [lmmono10-regular]:!
Missing character: There is no е (U+0435) in font [lmmono10-regular]:!
Missing character: There is no с (U+0441) in font [lmmono10-regular]:!
Missing character: There is no я (U+044F) in font [lmmono10-regular]:!
Missing character: There is no ч (U+0447) in font [lmmono10-regular]:!
Missing character: There is no а (U+0430) in font [lmmono10-regular]:!
Missing character: There is no щ (U+0449) in font [lmmono10-regular]:!
Missing character: There is no е (U+0435) in font [lmmono10-regular]:!
Missing character: There is no в (U+0432) in font [lmmono10-regular]:!
Missing character: There is no с (U+0441) in font [lmmono10-regular]:!
Missing character: There is no е (U+0435) in font [lmmono10-regular]:!
Missing character: There is no г (U+0433) in font [lmmono10-regular]:!
Missing character: There is no о (U+043E) in font [lmmono10-regular]:!
Missing character: There is no С (U+0421) in font [lmmono10-regular]:!
Missing character: There is no а (U+0430) in font [lmmono10-regular]:!
Missing character: There is no м (U+043C) in font [lmmono10-regular]:!
Missing character: There is no о (U+043E) in font [lmmono10-regular]:!
Missing character: There is no е (U+0435) in font [lmmono10-regular]:!
Missing character: There is no ч (U+0447) in font [lmmono10-regular]:!
Missing character: There is no а (U+0430) in font [lmmono10-regular]:!
Missing character: There is no с (U+0441) in font [lmmono10-regular]:!
Missing character: There is no т (U+0442) in font [lmmono10-regular]:!
Missing character: There is no о (U+043E) in font [lmmono10-regular]:!
Missing character: There is no е (U+0435) in font [lmmono10-regular]:!
Missing character: There is no п (U+043F) in font [lmmono10-regular]:!
Missing character: There is no р (U+0440) in font [lmmono10-regular]:!
Missing character: There is no а (U+0430) in font [lmmono10-regular]:!
Missing character: There is no в (U+0432) in font [lmmono10-regular]:!
Missing character: There is no и (U+0438) in font [lmmono10-regular]:!
Missing character: There is no л (U+043B) in font [lmmono10-regular]:!
Missing character: There is no о (U+043E) in font [lmmono10-regular]:!
Missing character: There is no р (U+0440) in font [lmmono10-regular]:!
Missing character: There is no а (U+0430) in font [lmmono10-regular]:!
Missing character: There is no з (U+0437) in font [lmmono10-regular]:!
Missing character: There is no Ф (U+0424) in font [lmmono10-regular]:!
Missing character: There is no у (U+0443) in font [lmmono10-regular]:!
Missing character: There is no н (U+043D) in font [lmmono10-regular]:!
Missing character: There is no к (U+043A) in font [lmmono10-regular]:!
Missing character: There is no ц (U+0446) in font [lmmono10-regular]:!
Missing character: There is no и (U+0438) in font [lmmono10-regular]:!
Missing character: There is no я (U+044F) in font [lmmono10-regular]:!
Missing character: There is no з (U+0437) in font [lmmono10-regular]:!
Missing character: There is no а (U+0430) in font [lmmono10-regular]:!
Missing character: There is no г (U+0433) in font [lmmono10-regular]:!
Missing character: There is no р (U+0440) in font [lmmono10-regular]:!
Missing character: There is no у (U+0443) in font [lmmono10-regular]:!
Missing character: There is no з (U+0437) in font [lmmono10-regular]:!
Missing character: There is no к (U+043A) in font [lmmono10-regular]:!
Missing character: There is no и (U+0438) in font [lmmono10-regular]:!
Missing character: There is no п (U+043F) in font [lmmono10-regular]:!
Missing character: There is no р (U+0440) in font [lmmono10-regular]:!
Missing character: There is no а (U+0430) in font [lmmono10-regular]:!
Missing character: There is no в (U+0432) in font [lmmono10-regular]:!
Missing character: There is no и (U+0438) in font [lmmono10-regular]:!
Missing character: There is no л (U+043B) in font [lmmono10-regular]:!
Missing character: There is no и (U+0438) in font [lmmono10-regular]:!
Missing character: There is no з (U+0437) in font [lmmono10-regular]:!
Missing character: There is no ф (U+0444) in font [lmmono10-regular]:!
Missing character: There is no а (U+0430) in font [lmmono10-regular]:!
Missing character: There is no й (U+0439) in font [lmmono10-regular]:!
Missing character: There is no л (U+043B) in font [lmmono10-regular]:!
Missing character: There is no а (U+0430) in font [lmmono10-regular]:!
Missing character: There is no В (U+0412) in font [lmmono10-regular]:!
Missing character: There is no в (U+0432) in font [lmmono10-regular]:!
Missing character: There is no е (U+0435) in font [lmmono10-regular]:!
Missing character: There is no д (U+0434) in font [lmmono10-regular]:!
Missing character: There is no и (U+0438) in font [lmmono10-regular]:!
Missing character: There is no т (U+0442) in font [lmmono10-regular]:!
Missing character: There is no е (U+0435) in font [lmmono10-regular]:!
Missing character: There is no и (U+0438) in font [lmmono10-regular]:!
Missing character: There is no м (U+043C) in font [lmmono10-regular]:!
Missing character: There is no я (U+044F) in font [lmmono10-regular]:!
Missing character: There is no ф (U+0444) in font [lmmono10-regular]:!
Missing character: There is no а (U+0430) in font [lmmono10-regular]:!
Missing character: There is no й (U+0439) in font [lmmono10-regular]:!
Missing character: There is no л (U+043B) in font [lmmono10-regular]:!
Missing character: There is no а (U+0430) in font [lmmono10-regular]:!
Missing character: There is no с (U+0441) in font [lmmono10-regular]:!
Missing character: There is no п (U+043F) in font [lmmono10-regular]:!
Missing character: There is no р (U+0440) in font [lmmono10-regular]:!
Missing character: There is no а (U+0430) in font [lmmono10-regular]:!
Missing character: There is no в (U+0432) in font [lmmono10-regular]:!
Missing character: There is no и (U+0438) in font [lmmono10-regular]:!
Missing character: There is no л (U+043B) in font [lmmono10-regular]:!
Missing character: There is no а (U+0430) in font [lmmono10-regular]:!
Missing character: There is no м (U+043C) in font [lmmono10-regular]:!
Missing character: There is no и (U+0438) in font [lmmono10-regular]:!
Missing character: There is no н (U+043D) in font [lmmono10-regular]:!
Missing character: There is no а (U+0430) in font [lmmono10-regular]:!
Missing character: There is no п (U+043F) in font [lmmono10-regular]:!
Missing character: There is no р (U+0440) in font [lmmono10-regular]:!
Missing character: There is no и (U+0438) in font [lmmono10-regular]:!
Missing character: There is no м (U+043C) in font [lmmono10-regular]:!
Missing character: There is no е (U+0435) in font [lmmono10-regular]:!
Missing character: There is no р (U+0440) in font [lmmono10-regular]:!
Missing character: There is no п (U+043F) in font [lmmono10-regular]:!
Missing character: There is no а (U+0430) in font [lmmono10-regular]:!
Missing character: There is no в (U+0432) in font [lmmono10-regular]:!
Missing character: There is no и (U+0438) in font [lmmono10-regular]:!
Missing character: There is no л (U+043B) in font [lmmono10-regular]:!
Missing character: There is no а (U+0430) in font [lmmono10-regular]:!
Missing character: There is no п (U+043F) in font [lmmono10-regular]:!
Missing character: There is no р (U+0440) in font [lmmono10-regular]:!
Missing character: There is no о (U+043E) in font [lmmono10-regular]:!
Missing character: There is no в (U+0432) in font [lmmono10-regular]:!
Missing character: There is no е (U+0435) in font [lmmono10-regular]:!
Missing character: There is no р (U+0440) in font [lmmono10-regular]:!
Missing character: There is no к (U+043A) in font [lmmono10-regular]:!
Missing character: There is no а (U+0430) in font [lmmono10-regular]:!
Missing character: There is no с (U+0441) in font [lmmono10-regular]:!
Missing character: There is no у (U+0443) in font [lmmono10-regular]:!
Missing character: There is no щ (U+0449) in font [lmmono10-regular]:!
Missing character: There is no е (U+0435) in font [lmmono10-regular]:!
Missing character: There is no с (U+0441) in font [lmmono10-regular]:!
Missing character: There is no т (U+0442) in font [lmmono10-regular]:!
Missing character: There is no в (U+0432) in font [lmmono10-regular]:!
Missing character: There is no о (U+043E) in font [lmmono10-regular]:!
Missing character: There is no в (U+0432) in font [lmmono10-regular]:!
Missing character: There is no а (U+0430) in font [lmmono10-regular]:!
Missing character: There is no н (U+043D) in font [lmmono10-regular]:!
Missing character: There is no и (U+0438) in font [lmmono10-regular]:!
Missing character: There is no я (U+044F) in font [lmmono10-regular]:!
Missing character: There is no ф (U+0444) in font [lmmono10-regular]:!
Missing character: There is no а (U+0430) in font [lmmono10-regular]:!
Missing character: There is no й (U+0439) in font [lmmono10-regular]:!
Missing character: There is no л (U+043B) in font [lmmono10-regular]:!
Missing character: There is no а (U+0430) in font [lmmono10-regular]:!
Missing character: There is no ⚠ (U+26A0) in font [lmmono10-regular]:!
Missing character: There is no ️ (U+FE0F) in font [lmmono10-regular]:!
Missing character: There is no Ф (U+0424) in font [lmmono10-regular]:!
Missing character: There is no а (U+0430) in font [lmmono10-regular]:!
Missing character: There is no й (U+0439) in font [lmmono10-regular]:!
Missing character: There is no л (U+043B) in font [lmmono10-regular]:!
Missing character: There is no н (U+043D) in font [lmmono10-regular]:!
Missing character: There is no е (U+0435) in font [lmmono10-regular]:!
Missing character: There is no н (U+043D) in font [lmmono10-regular]:!
Missing character: There is no а (U+0430) in font [lmmono10-regular]:!
Missing character: There is no й (U+0439) in font [lmmono10-regular]:!
Missing character: There is no д (U+0434) in font [lmmono10-regular]:!
Missing character: There is no е (U+0435) in font [lmmono10-regular]:!
Missing character: There is no н (U+043D) in font [lmmono10-regular]:!
Missing character: There is no ч (U+0447) in font [lmmono10-regular]:!
Missing character: There is no и (U+0438) in font [lmmono10-regular]:!
Missing character: There is no т (U+0442) in font [lmmono10-regular]:!
Missing character: There is no а (U+0430) in font [lmmono10-regular]:!
Missing character: There is no е (U+0435) in font [lmmono10-regular]:!
Missing character: There is no м (U+043C) in font [lmmono10-regular]:!
Missing character: There is no ф (U+0444) in font [lmmono10-regular]:!
Missing character: There is no а (U+0430) in font [lmmono10-regular]:!
Missing character: There is no й (U+0439) in font [lmmono10-regular]:!
Missing character: There is no л (U+043B) in font [lmmono10-regular]:!
Missing character: There is no и (U+0438) in font [lmmono10-regular]:!
Missing character: There is no и (U+0438) in font [lmmono10-regular]:!
Missing character: There is no з (U+0437) in font [lmmono10-regular]:!
Missing character: There is no в (U+0432) in font [lmmono10-regular]:!
Missing character: There is no л (U+043B) in font [lmmono10-regular]:!
Missing character: There is no е (U+0435) in font [lmmono10-regular]:!
Missing character: There is no к (U+043A) in font [lmmono10-regular]:!
Missing character: There is no а (U+0430) in font [lmmono10-regular]:!
Missing character: There is no е (U+0435) in font [lmmono10-regular]:!
Missing character: There is no м (U+043C) in font [lmmono10-regular]:!
Missing character: There is no п (U+043F) in font [lmmono10-regular]:!
Missing character: There is no р (U+0440) in font [lmmono10-regular]:!
Missing character: There is no а (U+0430) in font [lmmono10-regular]:!
Missing character: There is no в (U+0432) in font [lmmono10-regular]:!
Missing character: There is no и (U+0438) in font [lmmono10-regular]:!
Missing character: There is no л (U+043B) in font [lmmono10-regular]:!
Missing character: There is no а (U+0430) in font [lmmono10-regular]:!
[33]
Missing character: There is no с (U+0441) in font [lmmono10-regular]:!
Missing character: There is no о (U+043E) in font [lmmono10-regular]:!
Missing character: There is no з (U+0437) in font [lmmono10-regular]:!
Missing character: There is no д (U+0434) in font [lmmono10-regular]:!
Missing character: There is no а (U+0430) in font [lmmono10-regular]:!
Missing character: There is no ё (U+0451) in font [lmmono10-regular]:!
Missing character: There is no м (U+043C) in font [lmmono10-regular]:!
Missing character: There is no о (U+043E) in font [lmmono10-regular]:!
Missing character: There is no б (U+0431) in font [lmmono10-regular]:!
Missing character: There is no ъ (U+044A) in font [lmmono10-regular]:!
Missing character: There is no е (U+0435) in font [lmmono10-regular]:!
Missing character: There is no к (U+043A) in font [lmmono10-regular]:!
Missing character: There is no т (U+0442) in font [lmmono10-regular]:!
Missing character: There is no п (U+043F) in font [lmmono10-regular]:!
Missing character: There is no р (U+0440) in font [lmmono10-regular]:!
Missing character: There is no а (U+0430) in font [lmmono10-regular]:!
Missing character: There is no в (U+0432) in font [lmmono10-regular]:!
Missing character: There is no и (U+0438) in font [lmmono10-regular]:!
Missing character: There is no л (U+043B) in font [lmmono10-regular]:!
Missing character: There is no а (U+0430) in font [lmmono10-regular]:!
Missing character: There is no и (U+0438) in font [lmmono10-regular]:!
Missing character: There is no д (U+0434) in font [lmmono10-regular]:!
Missing character: There is no о (U+043E) in font [lmmono10-regular]:!
Missing character: There is no б (U+0431) in font [lmmono10-regular]:!
Missing character: There is no а (U+0430) in font [lmmono10-regular]:!
Missing character: There is no в (U+0432) in font [lmmono10-regular]:!
Missing character: There is no л (U+043B) in font [lmmono10-regular]:!
Missing character: There is no я (U+044F) in font [lmmono10-regular]:!
Missing character: There is no е (U+0435) in font [lmmono10-regular]:!
Missing character: There is no т (U+0442) in font [lmmono10-regular]:!
Missing character: There is no в (U+0432) in font [lmmono10-regular]:!
Missing character: There is no с (U+0441) in font [lmmono10-regular]:!
Missing character: There is no п (U+043F) in font [lmmono10-regular]:!
Missing character: There is no и (U+0438) in font [lmmono10-regular]:!
Missing character: There is no с (U+0441) in font [lmmono10-regular]:!
Missing character: There is no о (U+043E) in font [lmmono10-regular]:!
Missing character: There is no к (U+043A) in font [lmmono10-regular]:!
Missing character: There is no ✅ (U+2705) in font [lmmono10-regular]:!
Missing character: There is no П (U+041F) in font [lmmono10-regular]:!
Missing character: There is no р (U+0440) in font [lmmono10-regular]:!
Missing character: There is no а (U+0430) in font [lmmono10-regular]:!
Missing character: There is no в (U+0432) in font [lmmono10-regular]:!
Missing character: There is no и (U+0438) in font [lmmono10-regular]:!
Missing character: There is no л (U+043B) in font [lmmono10-regular]:!
Missing character: There is no а (U+0430) in font [lmmono10-regular]:!
Missing character: There is no у (U+0443) in font [lmmono10-regular]:!
Missing character: There is no с (U+0441) in font [lmmono10-regular]:!
Missing character: There is no п (U+043F) in font [lmmono10-regular]:!
Missing character: There is no е (U+0435) in font [lmmono10-regular]:!
Missing character: There is no ш (U+0448) in font [lmmono10-regular]:!
Missing character: There is no н (U+043D) in font [lmmono10-regular]:!
Missing character: There is no о (U+043E) in font [lmmono10-regular]:!
Missing character: There is no з (U+0437) in font [lmmono10-regular]:!
Missing character: There is no а (U+0430) in font [lmmono10-regular]:!
Missing character: There is no г (U+0433) in font [lmmono10-regular]:!
Missing character: There is no р (U+0440) in font [lmmono10-regular]:!
Missing character: There is no у (U+0443) in font [lmmono10-regular]:!
Missing character: There is no ж (U+0436) in font [lmmono10-regular]:!
Missing character: There is no е (U+0435) in font [lmmono10-regular]:!
Missing character: There is no н (U+043D) in font [lmmono10-regular]:!
Missing character: There is no ы (U+044B) in font [lmmono10-regular]:!
Missing character: There is no и (U+0438) in font [lmmono10-regular]:!
Missing character: There is no з (U+0437) in font [lmmono10-regular]:!
Missing character: There is no ф (U+0444) in font [lmmono10-regular]:!
Missing character: There is no а (U+0430) in font [lmmono10-regular]:!
Missing character: There is no й (U+0439) in font [lmmono10-regular]:!
Missing character: There is no л (U+043B) in font [lmmono10-regular]:!
Missing character: There is no а (U+0430) in font [lmmono10-regular]:!
Missing character: There is no Ф (U+0424) in font [lmmono10-regular]:!
Missing character: There is no у (U+0443) in font [lmmono10-regular]:!
Missing character: There is no н (U+043D) in font [lmmono10-regular]:!
Missing character: There is no к (U+043A) in font [lmmono10-regular]:!
Missing character: There is no ц (U+0446) in font [lmmono10-regular]:!
Missing character: There is no и (U+0438) in font [lmmono10-regular]:!
Missing character: There is no я (U+044F) in font [lmmono10-regular]:!
Missing character: There is no р (U+0440) in font [lmmono10-regular]:!
Missing character: There is no у (U+0443) in font [lmmono10-regular]:!
Missing character: There is no ч (U+0447) in font [lmmono10-regular]:!
Missing character: There is no н (U+043D) in font [lmmono10-regular]:!
Missing character: There is no о (U+043E) in font [lmmono10-regular]:!
Missing character: There is no г (U+0433) in font [lmmono10-regular]:!
Missing character: There is no о (U+043E) in font [lmmono10-regular]:!
Missing character: There is no в (U+0432) in font [lmmono10-regular]:!
Missing character: There is no в (U+0432) in font [lmmono10-regular]:!
Missing character: There is no о (U+043E) in font [lmmono10-regular]:!
Missing character: There is no д (U+0434) in font [lmmono10-regular]:!
Missing character: There is no а (U+0430) in font [lmmono10-regular]:!
Missing character: There is no п (U+043F) in font [lmmono10-regular]:!
Missing character: There is no р (U+0440) in font [lmmono10-regular]:!
Missing character: There is no а (U+0430) in font [lmmono10-regular]:!
Missing character: There is no в (U+0432) in font [lmmono10-regular]:!
Missing character: There is no и (U+0438) in font [lmmono10-regular]:!
Missing character: There is no л (U+043B) in font [lmmono10-regular]:!
Missing character: There is no В (U+0412) in font [lmmono10-regular]:!
Missing character: There is no в (U+0432) in font [lmmono10-regular]:!
Missing character: There is no о (U+043E) in font [lmmono10-regular]:!
Missing character: There is no д (U+0434) in font [lmmono10-regular]:!
Missing character: There is no п (U+043F) in font [lmmono10-regular]:!
Missing character: There is no р (U+0440) in font [lmmono10-regular]:!
Missing character: There is no а (U+0430) in font [lmmono10-regular]:!
Missing character: There is no в (U+0432) in font [lmmono10-regular]:!
Missing character: There is no и (U+0438) in font [lmmono10-regular]:!
Missing character: There is no л (U+043B) in font [lmmono10-regular]:!
Missing character: There is no в (U+0432) in font [lmmono10-regular]:!
Missing character: There is no р (U+0440) in font [lmmono10-regular]:!
Missing character: There is no у (U+0443) in font [lmmono10-regular]:!
Missing character: There is no ч (U+0447) in font [lmmono10-regular]:!
Missing character: There is no н (U+043D) in font [lmmono10-regular]:!
Missing character: There is no у (U+0443) in font [lmmono10-regular]:!
Missing character: There is no ю (U+044E) in font [lmmono10-regular]:!
Missing character: There is no и (U+0438) in font [lmmono10-regular]:!
Missing character: There is no с (U+0441) in font [lmmono10-regular]:!
Missing character: There is no п (U+043F) in font [lmmono10-regular]:!
Missing character: There is no о (U+043E) in font [lmmono10-regular]:!
Missing character: There is no л (U+043B) in font [lmmono10-regular]:!
Missing character: There is no ь (U+044C) in font [lmmono10-regular]:!
Missing character: There is no з (U+0437) in font [lmmono10-regular]:!
Missing character: There is no у (U+0443) in font [lmmono10-regular]:!
Missing character: There is no й (U+0439) in font [lmmono10-regular]:!
Missing character: There is no т (U+0442) in font [lmmono10-regular]:!
Missing character: There is no е (U+0435) in font [lmmono10-regular]:!
Missing character: There is no ф (U+0444) in font [lmmono10-regular]:!
Missing character: There is no о (U+043E) in font [lmmono10-regular]:!
Missing character: There is no р (U+0440) in font [lmmono10-regular]:!
Missing character: There is no м (U+043C) in font [lmmono10-regular]:!
Missing character: There is no а (U+0430) in font [lmmono10-regular]:!
Missing character: There is no т (U+0442) in font [lmmono10-regular]:!
Missing character: There is no л (U+043B) in font [lmmono10-regular]:!
Missing character: There is no е (U+0435) in font [lmmono10-regular]:!
Missing character: There is no в (U+0432) in font [lmmono10-regular]:!
Missing character: There is no а (U+0430) in font [lmmono10-regular]:!
Missing character: There is no я (U+044F) in font [lmmono10-regular]:!
Missing character: There is no ч (U+0447) in font [lmmono10-regular]:!
Missing character: There is no а (U+0430) in font [lmmono10-regular]:!
Missing character: There is no с (U+0441) in font [lmmono10-regular]:!
Missing character: There is no т (U+0442) in font [lmmono10-regular]:!
Missing character: There is no ь (U+044C) in font [lmmono10-regular]:!
Missing character: There is no п (U+043F) in font [lmmono10-regular]:!
Missing character: There is no р (U+0440) in font [lmmono10-regular]:!
Missing character: There is no а (U+0430) in font [lmmono10-regular]:!
Missing character: There is no в (U+0432) in font [lmmono10-regular]:!
Missing character: There is no а (U+0430) in font [lmmono10-regular]:!
Missing character: There is no я (U+044F) in font [lmmono10-regular]:!
Missing character: There is no ч (U+0447) in font [lmmono10-regular]:!
Missing character: There is no а (U+0430) in font [lmmono10-regular]:!
Missing character: There is no с (U+0441) in font [lmmono10-regular]:!
Missing character: There is no т (U+0442) in font [lmmono10-regular]:!
Missing character: There is no ь (U+044C) in font [lmmono10-regular]:!
Missing character: There is no Ч (U+0427) in font [lmmono10-regular]:!
Missing character: There is no т (U+0442) in font [lmmono10-regular]:!
Missing character: There is no о (U+043E) in font [lmmono10-regular]:!
Missing character: There is no б (U+0431) in font [lmmono10-regular]:!
Missing character: There is no ы (U+044B) in font [lmmono10-regular]:!
Missing character: There is no з (U+0437) in font [lmmono10-regular]:!
Missing character: There is no а (U+0430) in font [lmmono10-regular]:!
Missing character: There is no в (U+0432) in font [lmmono10-regular]:!
Missing character: There is no е (U+0435) in font [lmmono10-regular]:!
Missing character: There is no р (U+0440) in font [lmmono10-regular]:!
Missing character: There is no ш (U+0448) in font [lmmono10-regular]:!
Missing character: There is no и (U+0438) in font [lmmono10-regular]:!
Missing character: There is no т (U+0442) in font [lmmono10-regular]:!
Missing character: There is no ь (U+044C) in font [lmmono10-regular]:!
Missing character: There is no в (U+0432) in font [lmmono10-regular]:!
Missing character: There is no в (U+0432) in font [lmmono10-regular]:!
Missing character: There is no о (U+043E) in font [lmmono10-regular]:!
Missing character: There is no д (U+0434) in font [lmmono10-regular]:!
Missing character: There is no п (U+043F) in font [lmmono10-regular]:!
Missing character: There is no р (U+0440) in font [lmmono10-regular]:!
Missing character: There is no о (U+043E) in font [lmmono10-regular]:!
Missing character: There is no с (U+0441) in font [lmmono10-regular]:!
Missing character: There is no т (U+0442) in font [lmmono10-regular]:!
Missing character: There is no о (U+043E) in font [lmmono10-regular]:!
Missing character: There is no н (U+043D) in font [lmmono10-regular]:!
Missing character: There is no а (U+0430) in font [lmmono10-regular]:!
Missing character: There is no ж (U+0436) in font [lmmono10-regular]:!
Missing character: There is no м (U+043C) in font [lmmono10-regular]:!
Missing character: There is no и (U+0438) in font [lmmono10-regular]:!
Missing character: There is no т (U+0442) in font [lmmono10-regular]:!
Missing character: There is no е (U+0435) in font [lmmono10-regular]:!
Missing character: There is no н (U+043D) in font [lmmono10-regular]:!
Missing character: There is no а (U+0430) in font [lmmono10-regular]:!
Missing character: There is no п (U+043F) in font [lmmono10-regular]:!
Missing character: There is no у (U+0443) in font [lmmono10-regular]:!
Missing character: There is no с (U+0441) in font [lmmono10-regular]:!
Missing character: There is no т (U+0442) in font [lmmono10-regular]:!
Missing character: There is no о (U+043E) in font [lmmono10-regular]:!
Missing character: There is no й (U+0439) in font [lmmono10-regular]:!
Missing character: There is no с (U+0441) in font [lmmono10-regular]:!
Missing character: There is no т (U+0442) in font [lmmono10-regular]:!
Missing character: There is no р (U+0440) in font [lmmono10-regular]:!
Missing character: There is no о (U+043E) in font [lmmono10-regular]:!
Missing character: There is no к (U+043A) in font [lmmono10-regular]:!
Missing character: There is no е (U+0435) in font [lmmono10-regular]:!
Missing character: There is no С (U+0421) in font [lmmono10-regular]:!
Missing character: There is no п (U+043F) in font [lmmono10-regular]:!
Missing character: There is no и (U+0438) in font [lmmono10-regular]:!
Missing character: There is no с (U+0441) in font [lmmono10-regular]:!
Missing character: There is no о (U+043E) in font [lmmono10-regular]:!
Missing character: There is no к (U+043A) in font [lmmono10-regular]:!
Missing character: There is no п (U+043F) in font [lmmono10-regular]:!
Missing character: There is no р (U+0440) in font [lmmono10-regular]:!
Missing character: There is no а (U+0430) in font [lmmono10-regular]:!
Missing character: There is no в (U+0432) in font [lmmono10-regular]:!
Missing character: There is no и (U+0438) in font [lmmono10-regular]:!
Missing character: There is no л (U+043B) in font [lmmono10-regular]:!
Missing character: There is no к (U+043A) in font [lmmono10-regular]:!
Missing character: There is no о (U+043E) in font [lmmono10-regular]:!
Missing character: There is no т (U+0442) in font [lmmono10-regular]:!
Missing character: There is no о (U+043E) in font [lmmono10-regular]:!
Missing character: There is no р (U+0440) in font [lmmono10-regular]:!
Missing character: There is no ы (U+044B) in font [lmmono10-regular]:!
Missing character: There is no й (U+0439) in font [lmmono10-regular]:!
Missing character: There is no б (U+0431) in font [lmmono10-regular]:!
Missing character: There is no у (U+0443) in font [lmmono10-regular]:!
Missing character: There is no д (U+0434) in font [lmmono10-regular]:!
Missing character: There is no е (U+0435) in font [lmmono10-regular]:!
Missing character: There is no м (U+043C) in font [lmmono10-regular]:!
Missing character: There is no з (U+0437) in font [lmmono10-regular]:!
Missing character: There is no а (U+0430) in font [lmmono10-regular]:!
Missing character: There is no п (U+043F) in font [lmmono10-regular]:!
Missing character: There is no о (U+043E) in font [lmmono10-regular]:!
Missing character: There is no л (U+043B) in font [lmmono10-regular]:!
Missing character: There is no н (U+043D) in font [lmmono10-regular]:!
Missing character: There is no я (U+044F) in font [lmmono10-regular]:!
Missing character: There is no т (U+0442) in font [lmmono10-regular]:!
Missing character: There is no ь (U+044C) in font [lmmono10-regular]:!
Missing character: There is no П (U+041F) in font [lmmono10-regular]:!
Missing character: There is no р (U+0440) in font [lmmono10-regular]:!
Missing character: There is no а (U+0430) in font [lmmono10-regular]:!
Missing character: There is no в (U+0432) in font [lmmono10-regular]:!
Missing character: There is no и (U+0438) in font [lmmono10-regular]:!
Missing character: There is no л (U+043B) in font [lmmono10-regular]:!
Missing character: There is no о (U+043E) in font [lmmono10-regular]:!
Missing character: There is no п (U+043F) in font [lmmono10-regular]:!
Missing character: There is no р (U+0440) in font [lmmono10-regular]:!
Missing character: There is no и (U+0438) in font [lmmono10-regular]:!
Missing character: There is no м (U+043C) in font [lmmono10-regular]:!
Missing character: There is no е (U+0435) in font [lmmono10-regular]:!
Missing character: There is no р (U+0440) in font [lmmono10-regular]:!
Missing character: There is no и (U+0438) in font [lmmono10-regular]:!
Missing character: There is no л (U+043B) in font [lmmono10-regular]:!
Missing character: There is no и (U+0438) in font [lmmono10-regular]:!
Missing character: There is no Е (U+0415) in font [lmmono10-regular]:!
Missing character: There is no с (U+0441) in font [lmmono10-regular]:!
Missing character: There is no л (U+043B) in font [lmmono10-regular]:!
Missing character: There is no и (U+0438) in font [lmmono10-regular]:!
Missing character: There is no п (U+043F) in font [lmmono10-regular]:!
Missing character: There is no у (U+0443) in font [lmmono10-regular]:!
Missing character: There is no с (U+0441) in font [lmmono10-regular]:!
Missing character: There is no т (U+0442) in font [lmmono10-regular]:!
Missing character: There is no а (U+0430) in font [lmmono10-regular]:!
Missing character: There is no я (U+044F) in font [lmmono10-regular]:!
Missing character: There is no с (U+0441) in font [lmmono10-regular]:!
Missing character: There is no т (U+0442) in font [lmmono10-regular]:!
Missing character: There is no р (U+0440) in font [lmmono10-regular]:!
Missing character: There is no о (U+043E) in font [lmmono10-regular]:!
Missing character: There is no к (U+043A) in font [lmmono10-regular]:!
Missing character: There is no а (U+0430) in font [lmmono10-regular]:!
Missing character: There is no в (U+0432) in font [lmmono10-regular]:!
Missing character: There is no ы (U+044B) in font [lmmono10-regular]:!
Missing character: There is no х (U+0445) in font [lmmono10-regular]:!
Missing character: There is no о (U+043E) in font [lmmono10-regular]:!
Missing character: There is no д (U+0434) in font [lmmono10-regular]:!
Missing character: There is no и (U+0438) in font [lmmono10-regular]:!
Missing character: There is no м (U+043C) in font [lmmono10-regular]:!
Missing character: There is no и (U+0438) in font [lmmono10-regular]:!
Missing character: There is no з (U+0437) in font [lmmono10-regular]:!
Missing character: There is no ц (U+0446) in font [lmmono10-regular]:!
Missing character: There is no и (U+0438) in font [lmmono10-regular]:!
Missing character: There is no к (U+043A) in font [lmmono10-regular]:!
Missing character: There is no л (U+043B) in font [lmmono10-regular]:!
Missing character: There is no а (U+0430) in font [lmmono10-regular]:!
Missing character: There is no п (U+043F) in font [lmmono10-regular]:!
Missing character: There is no р (U+0440) in font [lmmono10-regular]:!
Missing character: There is no о (U+043E) in font [lmmono10-regular]:!
Missing character: There is no в (U+0432) in font [lmmono10-regular]:!
Missing character: There is no е (U+0435) in font [lmmono10-regular]:!
Missing character: There is no р (U+0440) in font [lmmono10-regular]:!
Missing character: There is no к (U+043A) in font [lmmono10-regular]:!
Missing character: There is no а (U+0430) in font [lmmono10-regular]:!
Missing character: There is no ф (U+0444) in font [lmmono10-regular]:!
Missing character: There is no о (U+043E) in font [lmmono10-regular]:!
Missing character: There is no р (U+0440) in font [lmmono10-regular]:!
Missing character: There is no м (U+043C) in font [lmmono10-regular]:!
Missing character: There is no а (U+0430) in font [lmmono10-regular]:!
Missing character: There is no т (U+0442) in font [lmmono10-regular]:!
Missing character: There is no а (U+0430) in font [lmmono10-regular]:!
Missing character: There is no п (U+043F) in font [lmmono10-regular]:!
Missing character: There is no р (U+0440) in font [lmmono10-regular]:!
Missing character: There is no а (U+0430) in font [lmmono10-regular]:!
Missing character: There is no в (U+0432) in font [lmmono10-regular]:!
Missing character: There is no и (U+0438) in font [lmmono10-regular]:!
Missing character: There is no л (U+043B) in font [lmmono10-regular]:!
Missing character: There is no а (U+0430) in font [lmmono10-regular]:!
Missing character: There is no О (U+041E) in font [lmmono10-regular]:!
Missing character: There is no ш (U+0448) in font [lmmono10-regular]:!
Missing character: There is no и (U+0438) in font [lmmono10-regular]:!
Missing character: There is no б (U+0431) in font [lmmono10-regular]:!
Missing character: There is no к (U+043A) in font [lmmono10-regular]:!
Missing character: There is no а (U+0430) in font [lmmono10-regular]:!
Missing character: There is no п (U+043F) in font [lmmono10-regular]:!
Missing character: There is no р (U+0440) in font [lmmono10-regular]:!
Missing character: There is no а (U+0430) in font [lmmono10-regular]:!
Missing character: There is no в (U+0432) in font [lmmono10-regular]:!
Missing character: There is no и (U+0438) in font [lmmono10-regular]:!
Missing character: There is no л (U+043B) in font [lmmono10-regular]:!
Missing character: There is no о (U+043E) in font [lmmono10-regular]:!
Missing character: There is no д (U+0434) in font [lmmono10-regular]:!
Missing character: There is no о (U+043E) in font [lmmono10-regular]:!
Missing character: There is no л (U+043B) in font [lmmono10-regular]:!
Missing character: There is no ж (U+0436) in font [lmmono10-regular]:!
Missing character: There is no н (U+043D) in font [lmmono10-regular]:!
Missing character: There is no о (U+043E) in font [lmmono10-regular]:!
Missing character: There is no с (U+0441) in font [lmmono10-regular]:!
Missing character: There is no о (U+043E) in font [lmmono10-regular]:!
Missing character: There is no д (U+0434) in font [lmmono10-regular]:!
Missing character: There is no е (U+0435) in font [lmmono10-regular]:!
Missing character: There is no р (U+0440) in font [lmmono10-regular]:!
Missing character: There is no ж (U+0436) in font [lmmono10-regular]:!
Missing character: There is no а (U+0430) in font [lmmono10-regular]:!
Missing character: There is no т (U+0442) in font [lmmono10-regular]:!
Missing character: There is no ь (U+044C) in font [lmmono10-regular]:!
Missing character: There is no У (U+0423) in font [lmmono10-regular]:!
Missing character: There is no б (U+0431) in font [lmmono10-regular]:!
Missing character: There is no и (U+0438) in font [lmmono10-regular]:!
Missing character: There is no р (U+0440) in font [lmmono10-regular]:!
Missing character: There is no а (U+0430) in font [lmmono10-regular]:!
Missing character: There is no е (U+0435) in font [lmmono10-regular]:!
Missing character: There is no м (U+043C) in font [lmmono10-regular]:!
Missing character: There is no л (U+043B) in font [lmmono10-regular]:!
Missing character: There is no и (U+0438) in font [lmmono10-regular]:!
Missing character: There is no ш (U+0448) in font [lmmono10-regular]:!
Missing character: There is no н (U+043D) in font [lmmono10-regular]:!
Missing character: There is no и (U+0438) in font [lmmono10-regular]:!
Missing character: There is no е (U+0435) in font [lmmono10-regular]:!
Missing character: There is no п (U+043F) in font [lmmono10-regular]:!
Missing character: There is no р (U+0440) in font [lmmono10-regular]:!
Missing character: There is no о (U+043E) in font [lmmono10-regular]:!
Missing character: There is no б (U+0431) in font [lmmono10-regular]:!
Missing character: There is no е (U+0435) in font [lmmono10-regular]:!
Missing character: There is no л (U+043B) in font [lmmono10-regular]:!
Missing character: There is no ы (U+044B) in font [lmmono10-regular]:!
Missing character: There is no е (U+0435) in font [lmmono10-regular]:!
Missing character: There is no с (U+0441) in font [lmmono10-regular]:!
Missing character: There is no л (U+043B) in font [lmmono10-regular]:!
Missing character: There is no и (U+0438) in font [lmmono10-regular]:!
Missing character: There is no з (U+0437) in font [lmmono10-regular]:!
Missing character: There is no а (U+0430) in font [lmmono10-regular]:!
Missing character: There is no к (U+043A) in font [lmmono10-regular]:!
Missing character: There is no а (U+0430) in font [lmmono10-regular]:!
Missing character: There is no н (U+043D) in font [lmmono10-regular]:!
Missing character: There is no ч (U+0447) in font [lmmono10-regular]:!
Missing character: There is no и (U+0438) in font [lmmono10-regular]:!
Missing character: There is no в (U+0432) in font [lmmono10-regular]:!
Missing character: There is no а (U+0430) in font [lmmono10-regular]:!
Missing character: There is no е (U+0435) in font [lmmono10-regular]:!
Missing character: There is no т (U+0442) in font [lmmono10-regular]:!
Missing character: There is no с (U+0441) in font [lmmono10-regular]:!
Missing character: There is no я (U+044F) in font [lmmono10-regular]:!
Missing character: There is no т (U+0442) in font [lmmono10-regular]:!
Missing character: There is no о (U+043E) in font [lmmono10-regular]:!
Missing character: There is no ч (U+0447) in font [lmmono10-regular]:!
Missing character: There is no к (U+043A) in font [lmmono10-regular]:!
Missing character: There is no о (U+043E) in font [lmmono10-regular]:!
Missing character: There is no й (U+0439) in font [lmmono10-regular]:!
Missing character: There is no п (U+043F) in font [lmmono10-regular]:!
Missing character: There is no р (U+0440) in font [lmmono10-regular]:!
Missing character: There is no а (U+0430) in font [lmmono10-regular]:!
Missing character: There is no в (U+0432) in font [lmmono10-regular]:!
Missing character: There is no и (U+0438) in font [lmmono10-regular]:!
Missing character: There is no л (U+043B) in font [lmmono10-regular]:!
Missing character: There is no а (U+0430) in font [lmmono10-regular]:!
Missing character: There is no з (U+0437) in font [lmmono10-regular]:!
Missing character: There is no а (U+0430) in font [lmmono10-regular]:!
Missing character: There is no в (U+0432) in font [lmmono10-regular]:!
Missing character: There is no е (U+0435) in font [lmmono10-regular]:!
Missing character: There is no р (U+0440) in font [lmmono10-regular]:!
Missing character: There is no ш (U+0448) in font [lmmono10-regular]:!
Missing character: There is no а (U+0430) in font [lmmono10-regular]:!
Missing character: There is no ю (U+044E) in font [lmmono10-regular]:!
Missing character: There is no щ (U+0449) in font [lmmono10-regular]:!
Missing character: There is no е (U+0435) in font [lmmono10-regular]:!
Missing character: There is no е (U+0435) in font [lmmono10-regular]:!
Missing character: There is no у (U+0443) in font [lmmono10-regular]:!
Missing character: There is no б (U+0431) in font [lmmono10-regular]:!
Missing character: There is no и (U+0438) in font [lmmono10-regular]:!
Missing character: There is no р (U+0440) in font [lmmono10-regular]:!
Missing character: There is no а (U+0430) in font [lmmono10-regular]:!
Missing character: There is no е (U+0435) in font [lmmono10-regular]:!
Missing character: There is no м (U+043C) in font [lmmono10-regular]:!
Missing character: There is no т (U+0442) in font [lmmono10-regular]:!
Missing character: There is no о (U+043E) in font [lmmono10-regular]:!
Missing character: There is no ч (U+0447) in font [lmmono10-regular]:!
Missing character: There is no к (U+043A) in font [lmmono10-regular]:!
Missing character: There is no у (U+0443) in font [lmmono10-regular]:!
Missing character: There is no и (U+0438) in font [lmmono10-regular]:!
Missing character: There is no з (U+0437) in font [lmmono10-regular]:!
Missing character: There is no п (U+043F) in font [lmmono10-regular]:!
Missing character: There is no р (U+0440) in font [lmmono10-regular]:!
Missing character: There is no а (U+0430) in font [lmmono10-regular]:!
Missing character: There is no в (U+0432) in font [lmmono10-regular]:!
Missing character: There is no о (U+043E) in font [lmmono10-regular]:!
Missing character: There is no й (U+0439) in font [lmmono10-regular]:!
Missing character: There is no ч (U+0447) in font [lmmono10-regular]:!
Missing character: There is no а (U+0430) in font [lmmono10-regular]:!
Missing character: There is no с (U+0441) in font [lmmono10-regular]:!
Missing character: There is no т (U+0442) in font [lmmono10-regular]:!
Missing character: There is no и (U+0438) in font [lmmono10-regular]:!
Missing character: There is no с (U+0441) in font [lmmono10-regular]:!
Missing character: There is no о (U+043E) in font [lmmono10-regular]:!
Missing character: There is no з (U+0437) in font [lmmono10-regular]:!
Missing character: There is no д (U+0434) in font [lmmono10-regular]:!
Missing character: There is no а (U+0430) in font [lmmono10-regular]:!
Missing character: There is no ё (U+0451) in font [lmmono10-regular]:!
Missing character: There is no м (U+043C) in font [lmmono10-regular]:!
Missing character: There is no о (U+043E) in font [lmmono10-regular]:!
Missing character: There is no б (U+0431) in font [lmmono10-regular]:!
Missing character: There is no ъ (U+044A) in font [lmmono10-regular]:!
Missing character: There is no е (U+0435) in font [lmmono10-regular]:!
Missing character: There is no к (U+043A) in font [lmmono10-regular]:!
Missing character: There is no т (U+0442) in font [lmmono10-regular]:!
Missing character: There is no п (U+043F) in font [lmmono10-regular]:!
Missing character: There is no р (U+0440) in font [lmmono10-regular]:!
Missing character: There is no а (U+0430) in font [lmmono10-regular]:!
Missing character: There is no в (U+0432) in font [lmmono10-regular]:!
Missing character: There is no и (U+0438) in font [lmmono10-regular]:!
Missing character: There is no л (U+043B) in font [lmmono10-regular]:!
Missing character: There is no а (U+0430) in font [lmmono10-regular]:!
Missing character: There is no и (U+0438) in font [lmmono10-regular]:!
Missing character: There is no д (U+0434) in font [lmmono10-regular]:!
Missing character: There is no о (U+043E) in font [lmmono10-regular]:!
Missing character: There is no б (U+0431) in font [lmmono10-regular]:!
Missing character: There is no а (U+0430) in font [lmmono10-regular]:!
Missing character: There is no в (U+0432) in font [lmmono10-regular]:!
Missing character: There is no л (U+043B) in font [lmmono10-regular]:!
Missing character: There is no я (U+044F) in font [lmmono10-regular]:!
Missing character: There is no е (U+0435) in font [lmmono10-regular]:!
Missing character: There is no м (U+043C) in font [lmmono10-regular]:!
Missing character: There is no в (U+0432) in font [lmmono10-regular]:!
Missing character: There is no с (U+0441) in font [lmmono10-regular]:!
Missing character: There is no п (U+043F) in font [lmmono10-regular]:!
Missing character: There is no и (U+0438) in font [lmmono10-regular]:!
Missing character: There is no с (U+0441) in font [lmmono10-regular]:!
Missing character: There is no о (U+043E) in font [lmmono10-regular]:!
Missing character: There is no к (U+043A) in font [lmmono10-regular]:!
[34]
Missing character: There is no С (U+0421) in font [lmmono10-regular]:!
Missing character: There is no и (U+0438) in font [lmmono10-regular]:!
Missing character: There is no с (U+0441) in font [lmmono10-regular]:!
Missing character: There is no т (U+0442) in font [lmmono10-regular]:!
Missing character: There is no е (U+0435) in font [lmmono10-regular]:!
Missing character: There is no м (U+043C) in font [lmmono10-regular]:!
Missing character: There is no а (U+0430) in font [lmmono10-regular]:!
Missing character: There is no М (U+041C) in font [lmmono10-regular]:!
Missing character: There is no а (U+0430) in font [lmmono10-regular]:!
Missing character: There is no р (U+0440) in font [lmmono10-regular]:!
Missing character: There is no к (U+043A) in font [lmmono10-regular]:!
Missing character: There is no о (U+043E) in font [lmmono10-regular]:!
Missing character: There is no в (U+0432) in font [lmmono10-regular]:!
Missing character: There is no а (U+0430) in font [lmmono10-regular]:!
Missing character: There is no З (U+0417) in font [lmmono10-regular]:!
Missing character: There is no а (U+0430) in font [lmmono10-regular]:!
Missing character: There is no г (U+0433) in font [lmmono10-regular]:!
Missing character: There is no о (U+043E) in font [lmmono10-regular]:!
Missing character: There is no л (U+043B) in font [lmmono10-regular]:!
Missing character: There is no о (U+043E) in font [lmmono10-regular]:!
Missing character: There is no в (U+0432) in font [lmmono10-regular]:!
Missing character: There is no о (U+043E) in font [lmmono10-regular]:!
Missing character: There is no к (U+043A) in font [lmmono10-regular]:!
Missing character: There is no 💡 (U+1F4A1) in font [lmmono10-regular]:!
Missing character: There is no С (U+0421) in font [lmmono10-regular]:!
Missing character: There is no и (U+0438) in font [lmmono10-regular]:!
Missing character: There is no с (U+0441) in font [lmmono10-regular]:!
Missing character: There is no т (U+0442) in font [lmmono10-regular]:!
Missing character: There is no е (U+0435) in font [lmmono10-regular]:!
Missing character: There is no м (U+043C) in font [lmmono10-regular]:!
Missing character: There is no а (U+0430) in font [lmmono10-regular]:!
Missing character: There is no М (U+041C) in font [lmmono10-regular]:!
Missing character: There is no а (U+0430) in font [lmmono10-regular]:!
Missing character: There is no р (U+0440) in font [lmmono10-regular]:!
Missing character: There is no к (U+043A) in font [lmmono10-regular]:!
Missing character: There is no о (U+043E) in font [lmmono10-regular]:!
Missing character: There is no в (U+0432) in font [lmmono10-regular]:!
Missing character: There is no а (U+0430) in font [lmmono10-regular]:!
Missing character: There is no О (U+041E) in font [lmmono10-regular]:!
Missing character: There is no с (U+0441) in font [lmmono10-regular]:!
Missing character: There is no н (U+043D) in font [lmmono10-regular]:!
Missing character: There is no о (U+043E) in font [lmmono10-regular]:!
Missing character: There is no в (U+0432) in font [lmmono10-regular]:!
Missing character: There is no н (U+043D) in font [lmmono10-regular]:!
Missing character: There is no о (U+043E) in font [lmmono10-regular]:!
Missing character: There is no й (U+0439) in font [lmmono10-regular]:!
Missing character: There is no к (U+043A) in font [lmmono10-regular]:!
Missing character: There is no о (U+043E) in font [lmmono10-regular]:!
Missing character: There is no н (U+043D) in font [lmmono10-regular]:!
Missing character: There is no т (U+0442) in font [lmmono10-regular]:!
Missing character: There is no е (U+0435) in font [lmmono10-regular]:!
Missing character: There is no й (U+0439) in font [lmmono10-regular]:!
Missing character: There is no н (U+043D) in font [lmmono10-regular]:!
Missing character: There is no е (U+0435) in font [lmmono10-regular]:!
Missing character: There is no р (U+0440) in font [lmmono10-regular]:!
Missing character: There is no И (U+0418) in font [lmmono10-regular]:!
Missing character: There is no с (U+0441) in font [lmmono10-regular]:!
Missing character: There is no х (U+0445) in font [lmmono10-regular]:!
Missing character: There is no о (U+043E) in font [lmmono10-regular]:!
Missing character: There is no д (U+0434) in font [lmmono10-regular]:!
Missing character: There is no н (U+043D) in font [lmmono10-regular]:!
Missing character: There is no а (U+0430) in font [lmmono10-regular]:!
Missing character: There is no я (U+044F) in font [lmmono10-regular]:!
Missing character: There is no с (U+0441) in font [lmmono10-regular]:!
Missing character: There is no т (U+0442) in font [lmmono10-regular]:!
Missing character: There is no р (U+0440) in font [lmmono10-regular]:!
Missing character: There is no о (U+043E) in font [lmmono10-regular]:!
Missing character: There is no к (U+043A) in font [lmmono10-regular]:!
Missing character: There is no а (U+0430) in font [lmmono10-regular]:!
Missing character: There is no В (U+0412) in font [lmmono10-regular]:!
Missing character: There is no в (U+0432) in font [lmmono10-regular]:!
Missing character: There is no е (U+0435) in font [lmmono10-regular]:!
Missing character: There is no д (U+0434) in font [lmmono10-regular]:!
Missing character: There is no и (U+0438) in font [lmmono10-regular]:!
Missing character: There is no т (U+0442) in font [lmmono10-regular]:!
Missing character: There is no е (U+0435) in font [lmmono10-regular]:!
Missing character: There is no и (U+0438) in font [lmmono10-regular]:!
Missing character: There is no с (U+0441) in font [lmmono10-regular]:!
Missing character: There is no х (U+0445) in font [lmmono10-regular]:!
Missing character: There is no о (U+043E) in font [lmmono10-regular]:!
Missing character: There is no д (U+0434) in font [lmmono10-regular]:!
Missing character: There is no н (U+043D) in font [lmmono10-regular]:!
Missing character: There is no у (U+0443) in font [lmmono10-regular]:!
Missing character: There is no ю (U+044E) in font [lmmono10-regular]:!
Missing character: There is no с (U+0441) in font [lmmono10-regular]:!
Missing character: There is no т (U+0442) in font [lmmono10-regular]:!
Missing character: There is no р (U+0440) in font [lmmono10-regular]:!
Missing character: There is no о (U+043E) in font [lmmono10-regular]:!
Missing character: There is no к (U+043A) in font [lmmono10-regular]:!
Missing character: There is no у (U+0443) in font [lmmono10-regular]:!
Missing character: There is no К (U+041A) in font [lmmono10-regular]:!
Missing character: There is no н (U+043D) in font [lmmono10-regular]:!
Missing character: There is no о (U+043E) in font [lmmono10-regular]:!
Missing character: There is no п (U+043F) in font [lmmono10-regular]:!
Missing character: There is no к (U+043A) in font [lmmono10-regular]:!
Missing character: There is no и (U+0438) in font [lmmono10-regular]:!
Missing character: There is no 📂 (U+1F4C2) in font [lmmono10-regular]:!
Missing character: There is no З (U+0417) in font [lmmono10-regular]:!
Missing character: There is no а (U+0430) in font [lmmono10-regular]:!
Missing character: There is no г (U+0433) in font [lmmono10-regular]:!
Missing character: There is no р (U+0440) in font [lmmono10-regular]:!
Missing character: There is no у (U+0443) in font [lmmono10-regular]:!
Missing character: There is no з (U+0437) in font [lmmono10-regular]:!
Missing character: There is no к (U+043A) in font [lmmono10-regular]:!
Missing character: There is no а (U+0430) in font [lmmono10-regular]:!
Missing character: There is no п (U+043F) in font [lmmono10-regular]:!
Missing character: There is no р (U+0440) in font [lmmono10-regular]:!
Missing character: There is no а (U+0430) in font [lmmono10-regular]:!
Missing character: There is no в (U+0432) in font [lmmono10-regular]:!
Missing character: There is no и (U+0438) in font [lmmono10-regular]:!
Missing character: There is no л (U+043B) in font [lmmono10-regular]:!
Missing character: There is no и (U+0438) in font [lmmono10-regular]:!
Missing character: There is no з (U+0437) in font [lmmono10-regular]:!
Missing character: There is no ф (U+0444) in font [lmmono10-regular]:!
Missing character: There is no а (U+0430) in font [lmmono10-regular]:!
Missing character: There is no й (U+0439) in font [lmmono10-regular]:!
Missing character: There is no л (U+043B) in font [lmmono10-regular]:!
Missing character: There is no а (U+0430) in font [lmmono10-regular]:!
Missing character: There is no В (U+0412) in font [lmmono10-regular]:!
Missing character: There is no ы (U+044B) in font [lmmono10-regular]:!
Missing character: There is no б (U+0431) in font [lmmono10-regular]:!
Missing character: There is no е (U+0435) in font [lmmono10-regular]:!
Missing character: There is no р (U+0440) in font [lmmono10-regular]:!
Missing character: There is no и (U+0438) in font [lmmono10-regular]:!
Missing character: There is no т (U+0442) in font [lmmono10-regular]:!
Missing character: There is no е (U+0435) in font [lmmono10-regular]:!
Missing character: There is no ф (U+0444) in font [lmmono10-regular]:!
Missing character: There is no а (U+0430) in font [lmmono10-regular]:!
Missing character: There is no й (U+0439) in font [lmmono10-regular]:!
Missing character: There is no л (U+043B) in font [lmmono10-regular]:!
Missing character: There is no с (U+0441) in font [lmmono10-regular]:!
Missing character: There is no п (U+043F) in font [lmmono10-regular]:!
Missing character: There is no р (U+0440) in font [lmmono10-regular]:!
Missing character: There is no а (U+0430) in font [lmmono10-regular]:!
Missing character: There is no в (U+0432) in font [lmmono10-regular]:!
Missing character: There is no и (U+0438) in font [lmmono10-regular]:!
Missing character: There is no л (U+043B) in font [lmmono10-regular]:!
Missing character: There is no а (U+0430) in font [lmmono10-regular]:!
Missing character: There is no м (U+043C) in font [lmmono10-regular]:!
Missing character: There is no и (U+0438) in font [lmmono10-regular]:!
Missing character: There is no Т (U+0422) in font [lmmono10-regular]:!
Missing character: There is no е (U+0435) in font [lmmono10-regular]:!
Missing character: There is no к (U+043A) in font [lmmono10-regular]:!
Missing character: There is no с (U+0441) in font [lmmono10-regular]:!
Missing character: There is no т (U+0442) in font [lmmono10-regular]:!
Missing character: There is no о (U+043E) in font [lmmono10-regular]:!
Missing character: There is no в (U+0432) in font [lmmono10-regular]:!
Missing character: There is no ы (U+044B) in font [lmmono10-regular]:!
Missing character: There is no е (U+0435) in font [lmmono10-regular]:!
Missing character: There is no ф (U+0444) in font [lmmono10-regular]:!
Missing character: There is no а (U+0430) in font [lmmono10-regular]:!
Missing character: There is no й (U+0439) in font [lmmono10-regular]:!
Missing character: There is no л (U+043B) in font [lmmono10-regular]:!
Missing character: There is no ы (U+044B) in font [lmmono10-regular]:!
[35]
Missing character: There is no 📘 (U+1F4D8) in font [lmmono10-regular]:!
Missing character: There is no З (U+0417) in font [lmmono10-regular]:!
Missing character: There is no а (U+0430) in font [lmmono10-regular]:!
Missing character: There is no г (U+0433) in font [lmmono10-regular]:!
Missing character: There is no р (U+0440) in font [lmmono10-regular]:!
Missing character: There is no у (U+0443) in font [lmmono10-regular]:!
Missing character: There is no ж (U+0436) in font [lmmono10-regular]:!
Missing character: There is no е (U+0435) in font [lmmono10-regular]:!
Missing character: There is no н (U+043D) in font [lmmono10-regular]:!
Missing character: There is no ф (U+0444) in font [lmmono10-regular]:!
Missing character: There is no а (U+0430) in font [lmmono10-regular]:!
Missing character: There is no й (U+0439) in font [lmmono10-regular]:!
Missing character: There is no л (U+043B) in font [lmmono10-regular]:!
Missing character: There is no ✅ (U+2705) in font [lmmono10-regular]:!
Missing character: There is no П (U+041F) in font [lmmono10-regular]:!
Missing character: There is no р (U+0440) in font [lmmono10-regular]:!
Missing character: There is no а (U+0430) in font [lmmono10-regular]:!
Missing character: There is no в (U+0432) in font [lmmono10-regular]:!
Missing character: There is no и (U+0438) in font [lmmono10-regular]:!
Missing character: There is no л (U+043B) in font [lmmono10-regular]:!
Missing character: There is no а (U+0430) in font [lmmono10-regular]:!
Missing character: There is no у (U+0443) in font [lmmono10-regular]:!
Missing character: There is no с (U+0441) in font [lmmono10-regular]:!
Missing character: There is no п (U+043F) in font [lmmono10-regular]:!
Missing character: There is no е (U+0435) in font [lmmono10-regular]:!
Missing character: There is no ш (U+0448) in font [lmmono10-regular]:!
Missing character: There is no н (U+043D) in font [lmmono10-regular]:!
Missing character: There is no о (U+043E) in font [lmmono10-regular]:!
Missing character: There is no з (U+0437) in font [lmmono10-regular]:!
Missing character: There is no а (U+0430) in font [lmmono10-regular]:!
Missing character: There is no г (U+0433) in font [lmmono10-regular]:!
Missing character: There is no р (U+0440) in font [lmmono10-regular]:!
Missing character: There is no у (U+0443) in font [lmmono10-regular]:!
Missing character: There is no ж (U+0436) in font [lmmono10-regular]:!
Missing character: There is no е (U+0435) in font [lmmono10-regular]:!
Missing character: There is no н (U+043D) in font [lmmono10-regular]:!
Missing character: There is no ы (U+044B) in font [lmmono10-regular]:!
Missing character: There is no О (U+041E) in font [lmmono10-regular]:!
Missing character: There is no ш (U+0448) in font [lmmono10-regular]:!
Missing character: There is no и (U+0438) in font [lmmono10-regular]:!
Missing character: There is no б (U+0431) in font [lmmono10-regular]:!
Missing character: There is no к (U+043A) in font [lmmono10-regular]:!
Missing character: There is no а (U+0430) in font [lmmono10-regular]:!
Missing character: There is no Н (U+041D) in font [lmmono10-regular]:!
Missing character: There is no е (U+0435) in font [lmmono10-regular]:!
Missing character: There is no у (U+0443) in font [lmmono10-regular]:!
Missing character: There is no д (U+0434) in font [lmmono10-regular]:!
Missing character: There is no а (U+0430) in font [lmmono10-regular]:!
Missing character: There is no л (U+043B) in font [lmmono10-regular]:!
Missing character: There is no о (U+043E) in font [lmmono10-regular]:!
Missing character: There is no с (U+0441) in font [lmmono10-regular]:!
Missing character: There is no ь (U+044C) in font [lmmono10-regular]:!
Missing character: There is no з (U+0437) in font [lmmono10-regular]:!
Missing character: There is no а (U+0430) in font [lmmono10-regular]:!
Missing character: There is no г (U+0433) in font [lmmono10-regular]:!
Missing character: There is no р (U+0440) in font [lmmono10-regular]:!
Missing character: There is no у (U+0443) in font [lmmono10-regular]:!
Missing character: There is no з (U+0437) in font [lmmono10-regular]:!
Missing character: There is no и (U+0438) in font [lmmono10-regular]:!
Missing character: There is no т (U+0442) in font [lmmono10-regular]:!
Missing character: There is no ь (U+044C) in font [lmmono10-regular]:!
Missing character: There is no ф (U+0444) in font [lmmono10-regular]:!
Missing character: There is no а (U+0430) in font [lmmono10-regular]:!
Missing character: There is no й (U+0439) in font [lmmono10-regular]:!
Missing character: There is no л (U+043B) in font [lmmono10-regular]:!
Missing character: There is no Р (U+0420) in font [lmmono10-regular]:!
Missing character: There is no у (U+0443) in font [lmmono10-regular]:!
Missing character: There is no ч (U+0447) in font [lmmono10-regular]:!
Missing character: There is no н (U+043D) in font [lmmono10-regular]:!
Missing character: There is no о (U+043E) in font [lmmono10-regular]:!
Missing character: There is no й (U+0439) in font [lmmono10-regular]:!
Missing character: There is no в (U+0432) in font [lmmono10-regular]:!
Missing character: There is no в (U+0432) in font [lmmono10-regular]:!
Missing character: There is no о (U+043E) in font [lmmono10-regular]:!
Missing character: There is no д (U+0434) in font [lmmono10-regular]:!
Missing character: There is no п (U+043F) in font [lmmono10-regular]:!
Missing character: There is no р (U+0440) in font [lmmono10-regular]:!
Missing character: There is no а (U+0430) in font [lmmono10-regular]:!
Missing character: There is no в (U+0432) in font [lmmono10-regular]:!
Missing character: There is no и (U+0438) in font [lmmono10-regular]:!
Missing character: There is no л (U+043B) in font [lmmono10-regular]:!
Missing character: There is no 📝 (U+1F4DD) in font [lmmono10-regular]:!
Missing character: There is no Д (U+0414) in font [lmmono10-regular]:!
Missing character: There is no о (U+043E) in font [lmmono10-regular]:!
Missing character: There is no б (U+0431) in font [lmmono10-regular]:!
Missing character: There is no а (U+0430) in font [lmmono10-regular]:!
Missing character: There is no в (U+0432) in font [lmmono10-regular]:!
Missing character: There is no л (U+043B) in font [lmmono10-regular]:!
Missing character: There is no е (U+0435) in font [lmmono10-regular]:!
Missing character: There is no н (U+043D) in font [lmmono10-regular]:!
Missing character: There is no о (U+043E) in font [lmmono10-regular]:!
Missing character: There is no п (U+043F) in font [lmmono10-regular]:!
Missing character: There is no р (U+0440) in font [lmmono10-regular]:!
Missing character: There is no а (U+0430) in font [lmmono10-regular]:!
Missing character: There is no в (U+0432) in font [lmmono10-regular]:!
Missing character: There is no и (U+0438) in font [lmmono10-regular]:!
Missing character: There is no л (U+043B) in font [lmmono10-regular]:!
Missing character: There is no и (U+0438) in font [lmmono10-regular]:!
Missing character: There is no з (U+0437) in font [lmmono10-regular]:!
Missing character: There is no р (U+0440) in font [lmmono10-regular]:!
Missing character: There is no у (U+0443) in font [lmmono10-regular]:!
Missing character: There is no ч (U+0447) in font [lmmono10-regular]:!
Missing character: There is no н (U+043D) in font [lmmono10-regular]:!
Missing character: There is no о (U+043E) in font [lmmono10-regular]:!
Missing character: There is no г (U+0433) in font [lmmono10-regular]:!
Missing character: There is no о (U+043E) in font [lmmono10-regular]:!
Missing character: There is no в (U+0432) in font [lmmono10-regular]:!
Missing character: There is no в (U+0432) in font [lmmono10-regular]:!
Missing character: There is no о (U+043E) in font [lmmono10-regular]:!
Missing character: There is no д (U+0434) in font [lmmono10-regular]:!
Missing character: There is no а (U+0430) in font [lmmono10-regular]:!
Missing character: There is no Р (U+0420) in font [lmmono10-regular]:!
Missing character: There is no у (U+0443) in font [lmmono10-regular]:!
Missing character: There is no ч (U+0447) in font [lmmono10-regular]:!
Missing character: There is no н (U+043D) in font [lmmono10-regular]:!
Missing character: There is no о (U+043E) in font [lmmono10-regular]:!
Missing character: There is no й (U+0439) in font [lmmono10-regular]:!
Missing character: There is no в (U+0432) in font [lmmono10-regular]:!
Missing character: There is no в (U+0432) in font [lmmono10-regular]:!
Missing character: There is no о (U+043E) in font [lmmono10-regular]:!
Missing character: There is no д (U+0434) in font [lmmono10-regular]:!
Missing character: There is no п (U+043F) in font [lmmono10-regular]:!
Missing character: There is no р (U+0440) in font [lmmono10-regular]:!
Missing character: There is no а (U+0430) in font [lmmono10-regular]:!
Missing character: There is no в (U+0432) in font [lmmono10-regular]:!
Missing character: There is no и (U+0438) in font [lmmono10-regular]:!
Missing character: There is no л (U+043B) in font [lmmono10-regular]:!
[36]
Missing character: There is no Д (U+0414) in font [lmmono10-regular]:!
Missing character: There is no е (U+0435) in font [lmmono10-regular]:!
Missing character: There is no л (U+043B) in font [lmmono10-regular]:!
Missing character: There is no а (U+0430) in font [lmmono10-regular]:!
Missing character: There is no е (U+0435) in font [lmmono10-regular]:!
Missing character: There is no т (U+0442) in font [lmmono10-regular]:!
Missing character: There is no о (U+043E) in font [lmmono10-regular]:!
Missing character: There is no к (U+043A) in font [lmmono10-regular]:!
Missing character: There is no н (U+043D) in font [lmmono10-regular]:!
Missing character: There is no о (U+043E) in font [lmmono10-regular]:!
Missing character: There is no п (U+043F) in font [lmmono10-regular]:!
Missing character: There is no р (U+0440) in font [lmmono10-regular]:!
Missing character: There is no и (U+0438) in font [lmmono10-regular]:!
Missing character: There is no в (U+0432) in font [lmmono10-regular]:!
Missing character: There is no я (U+044F) in font [lmmono10-regular]:!
Missing character: There is no з (U+0437) in font [lmmono10-regular]:!
Missing character: There is no а (U+0430) in font [lmmono10-regular]:!
Missing character: There is no н (U+043D) in font [lmmono10-regular]:!
Missing character: There is no н (U+043D) in font [lmmono10-regular]:!
Missing character: There is no ы (U+044B) in font [lmmono10-regular]:!
Missing character: There is no м (U+043C) in font [lmmono10-regular]:!
Missing character: There is no к (U+043A) in font [lmmono10-regular]:!
Missing character: There is no г (U+0433) in font [lmmono10-regular]:!
Missing character: There is no л (U+043B) in font [lmmono10-regular]:!
Missing character: There is no а (U+0430) in font [lmmono10-regular]:!
Missing character: There is no в (U+0432) in font [lmmono10-regular]:!
Missing character: There is no н (U+043D) in font [lmmono10-regular]:!
Missing character: There is no о (U+043E) in font [lmmono10-regular]:!
Missing character: There is no м (U+043C) in font [lmmono10-regular]:!
Missing character: There is no у (U+0443) in font [lmmono10-regular]:!
Missing character: There is no и (U+0438) in font [lmmono10-regular]:!
Missing character: There is no в (U+0432) in font [lmmono10-regular]:!
Missing character: There is no с (U+0441) in font [lmmono10-regular]:!
Missing character: There is no е (U+0435) in font [lmmono10-regular]:!
Missing character: There is no г (U+0433) in font [lmmono10-regular]:!
Missing character: There is no д (U+0434) in font [lmmono10-regular]:!
Missing character: There is no а (U+0430) in font [lmmono10-regular]:!
Missing character: There is no п (U+043F) in font [lmmono10-regular]:!
Missing character: There is no о (U+043E) in font [lmmono10-regular]:!
Missing character: There is no в (U+0432) in font [lmmono10-regular]:!
Missing character: There is no е (U+0435) in font [lmmono10-regular]:!
Missing character: There is no р (U+0440) in font [lmmono10-regular]:!
Missing character: There is no х (U+0445) in font [lmmono10-regular]:!
Missing character: There is no В (U+0412) in font [lmmono10-regular]:!
Missing character: There is no в (U+0432) in font [lmmono10-regular]:!
Missing character: There is no е (U+0435) in font [lmmono10-regular]:!
Missing character: There is no д (U+0434) in font [lmmono10-regular]:!
Missing character: There is no и (U+0438) in font [lmmono10-regular]:!
Missing character: There is no т (U+0442) in font [lmmono10-regular]:!
Missing character: There is no е (U+0435) in font [lmmono10-regular]:!
Missing character: There is no п (U+043F) in font [lmmono10-regular]:!
Missing character: There is no р (U+0440) in font [lmmono10-regular]:!
Missing character: There is no а (U+0430) in font [lmmono10-regular]:!
Missing character: There is no в (U+0432) in font [lmmono10-regular]:!
Missing character: There is no и (U+0438) in font [lmmono10-regular]:!
Missing character: There is no л (U+043B) in font [lmmono10-regular]:!
Missing character: There is no а (U+0430) in font [lmmono10-regular]:!
Missing character: There is no ф (U+0444) in font [lmmono10-regular]:!
Missing character: There is no о (U+043E) in font [lmmono10-regular]:!
Missing character: There is no р (U+0440) in font [lmmono10-regular]:!
Missing character: There is no м (U+043C) in font [lmmono10-regular]:!
Missing character: There is no а (U+0430) in font [lmmono10-regular]:!
Missing character: There is no т (U+0442) in font [lmmono10-regular]:!
Missing character: There is no и (U+0438) in font [lmmono10-regular]:!
Missing character: There is no л (U+043B) in font [lmmono10-regular]:!
Missing character: There is no и (U+0438) in font [lmmono10-regular]:!
Missing character: There is no С (U+0421) in font [lmmono10-regular]:!
Missing character: There is no о (U+043E) in font [lmmono10-regular]:!
Missing character: There is no х (U+0445) in font [lmmono10-regular]:!
Missing character: There is no р (U+0440) in font [lmmono10-regular]:!
Missing character: There is no а (U+0430) in font [lmmono10-regular]:!
Missing character: There is no н (U+043D) in font [lmmono10-regular]:!
Missing character: There is no и (U+0438) in font [lmmono10-regular]:!
Missing character: There is no т (U+0442) in font [lmmono10-regular]:!
Missing character: There is no ь (U+044C) in font [lmmono10-regular]:!
Missing character: There is no Н (U+041D) in font [lmmono10-regular]:!
Missing character: There is no е (U+0435) in font [lmmono10-regular]:!
Missing character: There is no т (U+0442) in font [lmmono10-regular]:!
Missing character: There is no п (U+043F) in font [lmmono10-regular]:!
Missing character: There is no р (U+0440) in font [lmmono10-regular]:!
Missing character: There is no а (U+0430) in font [lmmono10-regular]:!
Missing character: There is no в (U+0432) in font [lmmono10-regular]:!
Missing character: There is no и (U+0438) in font [lmmono10-regular]:!
Missing character: There is no л (U+043B) in font [lmmono10-regular]:!
Missing character: There is no С (U+0421) in font [lmmono10-regular]:!
Missing character: There is no н (U+043D) in font [lmmono10-regular]:!
Missing character: There is no а (U+0430) in font [lmmono10-regular]:!
Missing character: There is no ч (U+0447) in font [lmmono10-regular]:!
Missing character: There is no а (U+0430) in font [lmmono10-regular]:!
Missing character: There is no л (U+043B) in font [lmmono10-regular]:!
Missing character: There is no а (U+0430) in font [lmmono10-regular]:!
Missing character: There is no з (U+0437) in font [lmmono10-regular]:!
Missing character: There is no а (U+0430) in font [lmmono10-regular]:!
Missing character: There is no г (U+0433) in font [lmmono10-regular]:!
Missing character: There is no р (U+0440) in font [lmmono10-regular]:!
Missing character: There is no у (U+0443) in font [lmmono10-regular]:!
Missing character: There is no з (U+0437) in font [lmmono10-regular]:!
Missing character: There is no и (U+0438) in font [lmmono10-regular]:!
Missing character: There is no т (U+0442) in font [lmmono10-regular]:!
Missing character: There is no е (U+0435) in font [lmmono10-regular]:!
Missing character: There is no и (U+0438) in font [lmmono10-regular]:!
Missing character: There is no л (U+043B) in font [lmmono10-regular]:!
Missing character: There is no и (U+0438) in font [lmmono10-regular]:!
Missing character: There is no в (U+0432) in font [lmmono10-regular]:!
Missing character: There is no в (U+0432) in font [lmmono10-regular]:!
Missing character: There is no е (U+0435) in font [lmmono10-regular]:!
Missing character: There is no д (U+0434) in font [lmmono10-regular]:!
Missing character: There is no и (U+0438) in font [lmmono10-regular]:!
Missing character: There is no т (U+0442) in font [lmmono10-regular]:!
Missing character: There is no е (U+0435) in font [lmmono10-regular]:!
Missing character: There is no п (U+043F) in font [lmmono10-regular]:!
Missing character: There is no р (U+0440) in font [lmmono10-regular]:!
Missing character: There is no а (U+0430) in font [lmmono10-regular]:!
Missing character: There is no в (U+0432) in font [lmmono10-regular]:!
Missing character: There is no и (U+0438) in font [lmmono10-regular]:!
Missing character: There is no л (U+043B) in font [lmmono10-regular]:!
Missing character: There is no а (U+0430) in font [lmmono10-regular]:!
Missing character: There is no П (U+041F) in font [lmmono10-regular]:!
Missing character: There is no у (U+0443) in font [lmmono10-regular]:!
Missing character: There is no с (U+0441) in font [lmmono10-regular]:!
Missing character: There is no т (U+0442) in font [lmmono10-regular]:!
Missing character: There is no а (U+0430) in font [lmmono10-regular]:!
Missing character: There is no я (U+044F) in font [lmmono10-regular]:!
Missing character: There is no с (U+0441) in font [lmmono10-regular]:!
Missing character: There is no т (U+0442) in font [lmmono10-regular]:!
Missing character: There is no р (U+0440) in font [lmmono10-regular]:!
Missing character: There is no о (U+043E) in font [lmmono10-regular]:!
Missing character: There is no к (U+043A) in font [lmmono10-regular]:!
Missing character: There is no а (U+0430) in font [lmmono10-regular]:!
Missing character: There is no В (U+0412) in font [lmmono10-regular]:!
Missing character: There is no в (U+0432) in font [lmmono10-regular]:!
Missing character: There is no е (U+0435) in font [lmmono10-regular]:!
Missing character: There is no д (U+0434) in font [lmmono10-regular]:!
Missing character: There is no и (U+0438) in font [lmmono10-regular]:!
Missing character: There is no т (U+0442) in font [lmmono10-regular]:!
Missing character: There is no е (U+0435) in font [lmmono10-regular]:!
Missing character: There is no и (U+0438) in font [lmmono10-regular]:!
Missing character: There is no с (U+0441) in font [lmmono10-regular]:!
Missing character: There is no х (U+0445) in font [lmmono10-regular]:!
Missing character: There is no о (U+043E) in font [lmmono10-regular]:!
Missing character: There is no д (U+0434) in font [lmmono10-regular]:!
Missing character: There is no н (U+043D) in font [lmmono10-regular]:!
Missing character: There is no ы (U+044B) in font [lmmono10-regular]:!
Missing character: There is no й (U+0439) in font [lmmono10-regular]:!
Missing character: There is no т (U+0442) in font [lmmono10-regular]:!
Missing character: There is no е (U+0435) in font [lmmono10-regular]:!
Missing character: There is no к (U+043A) in font [lmmono10-regular]:!
Missing character: There is no с (U+0441) in font [lmmono10-regular]:!
Missing character: There is no т (U+0442) in font [lmmono10-regular]:!
Missing character: There is no 📊 (U+1F4CA) in font [lmmono10-regular]:!
Missing character: There is no С (U+0421) in font [lmmono10-regular]:!
Missing character: There is no т (U+0442) in font [lmmono10-regular]:!
Missing character: There is no а (U+0430) in font [lmmono10-regular]:!
Missing character: There is no т (U+0442) in font [lmmono10-regular]:!
Missing character: There is no и (U+0438) in font [lmmono10-regular]:!
Missing character: There is no с (U+0441) in font [lmmono10-regular]:!
Missing character: There is no т (U+0442) in font [lmmono10-regular]:!
Missing character: There is no и (U+0438) in font [lmmono10-regular]:!
Missing character: There is no к (U+043A) in font [lmmono10-regular]:!
Missing character: There is no а (U+0430) in font [lmmono10-regular]:!
Missing character: There is no В (U+0412) in font [lmmono10-regular]:!
Missing character: There is no с (U+0441) in font [lmmono10-regular]:!
Missing character: There is no е (U+0435) in font [lmmono10-regular]:!
Missing character: There is no г (U+0433) in font [lmmono10-regular]:!
Missing character: There is no о (U+043E) in font [lmmono10-regular]:!
Missing character: There is no ш (U+0448) in font [lmmono10-regular]:!
Missing character: There is no а (U+0430) in font [lmmono10-regular]:!
Missing character: There is no г (U+0433) in font [lmmono10-regular]:!
Missing character: There is no о (U+043E) in font [lmmono10-regular]:!
Missing character: There is no в (U+0432) in font [lmmono10-regular]:!
Missing character: There is no С (U+0421) in font [lmmono10-regular]:!
Missing character: There is no р (U+0440) in font [lmmono10-regular]:!
Missing character: There is no е (U+0435) in font [lmmono10-regular]:!
Missing character: There is no д (U+0434) in font [lmmono10-regular]:!
Missing character: There is no н (U+043D) in font [lmmono10-regular]:!
Missing character: There is no я (U+044F) in font [lmmono10-regular]:!
Missing character: There is no я (U+044F) in font [lmmono10-regular]:!
Missing character: There is no д (U+0434) in font [lmmono10-regular]:!
Missing character: There is no л (U+043B) in font [lmmono10-regular]:!
Missing character: There is no и (U+0438) in font [lmmono10-regular]:!
Missing character: There is no н (U+043D) in font [lmmono10-regular]:!
Missing character: There is no а (U+0430) in font [lmmono10-regular]:!
Missing character: There is no с (U+0441) in font [lmmono10-regular]:!
Missing character: There is no т (U+0442) in font [lmmono10-regular]:!
Missing character: There is no р (U+0440) in font [lmmono10-regular]:!
Missing character: There is no о (U+043E) in font [lmmono10-regular]:!
Missing character: There is no к (U+043A) in font [lmmono10-regular]:!
Missing character: There is no и (U+0438) in font [lmmono10-regular]:!
Missing character: There is no С (U+0421) in font [lmmono10-regular]:!
Missing character: There is no а (U+0430) in font [lmmono10-regular]:!
Missing character: There is no м (U+043C) in font [lmmono10-regular]:!
Missing character: There is no о (U+043E) in font [lmmono10-regular]:!
Missing character: There is no е (U+0435) in font [lmmono10-regular]:!
Missing character: There is no ч (U+0447) in font [lmmono10-regular]:!
Missing character: There is no а (U+0430) in font [lmmono10-regular]:!
Missing character: There is no с (U+0441) in font [lmmono10-regular]:!
Missing character: There is no т (U+0442) in font [lmmono10-regular]:!
Missing character: There is no о (U+043E) in font [lmmono10-regular]:!
Missing character: There is no е (U+0435) in font [lmmono10-regular]:!
Missing character: There is no п (U+043F) in font [lmmono10-regular]:!
Missing character: There is no р (U+0440) in font [lmmono10-regular]:!
Missing character: There is no а (U+0430) in font [lmmono10-regular]:!
Missing character: There is no в (U+0432) in font [lmmono10-regular]:!
Missing character: There is no и (U+0438) in font [lmmono10-regular]:!
Missing character: There is no л (U+043B) in font [lmmono10-regular]:!
Missing character: There is no о (U+043E) in font [lmmono10-regular]:!
Missing character: There is no р (U+0440) in font [lmmono10-regular]:!
Missing character: There is no а (U+0430) in font [lmmono10-regular]:!
Missing character: There is no з (U+0437) in font [lmmono10-regular]:!
Missing character: There is no 🏁 (U+1F3C1) in font [lmmono10-regular]:!
Missing character: There is no Р (U+0420) in font [lmmono10-regular]:!
Missing character: There is no е (U+0435) in font [lmmono10-regular]:!
Missing character: There is no з (U+0437) in font [lmmono10-regular]:!
Missing character: There is no у (U+0443) in font [lmmono10-regular]:!
Missing character: There is no л (U+043B) in font [lmmono10-regular]:!
Missing character: There is no ь (U+044C) in font [lmmono10-regular]:!
Missing character: There is no т (U+0442) in font [lmmono10-regular]:!
Missing character: There is no а (U+0430) in font [lmmono10-regular]:!
Missing character: There is no т (U+0442) in font [lmmono10-regular]:!
Missing character: There is no А (U+0410) in font [lmmono10-regular]:!
Missing character: There is no н (U+043D) in font [lmmono10-regular]:!
Missing character: There is no и (U+0438) in font [lmmono10-regular]:!
Missing character: There is no м (U+043C) in font [lmmono10-regular]:!
Missing character: There is no а (U+0430) in font [lmmono10-regular]:!
Missing character: There is no ц (U+0446) in font [lmmono10-regular]:!
Missing character: There is no и (U+0438) in font [lmmono10-regular]:!
Missing character: There is no я (U+044F) in font [lmmono10-regular]:!
Missing character: There is no в (U+0432) in font [lmmono10-regular]:!
Missing character: There is no к (U+043A) in font [lmmono10-regular]:!
Missing character: There is no л (U+043B) in font [lmmono10-regular]:!
Missing character: There is no ю (U+044E) in font [lmmono10-regular]:!
Missing character: There is no ч (U+0447) in font [lmmono10-regular]:!
Missing character: There is no е (U+0435) in font [lmmono10-regular]:!
Missing character: There is no н (U+043D) in font [lmmono10-regular]:!
Missing character: There is no а (U+0430) in font [lmmono10-regular]:!
[37]
Missing character: There is no п (U+043F) in font [lmmono10-regular]:!
Missing character: There is no р (U+0440) in font [lmmono10-regular]:!
Missing character: There is no а (U+0430) in font [lmmono10-regular]:!
Missing character: There is no в (U+0432) in font [lmmono10-regular]:!
Missing character: There is no и (U+0438) in font [lmmono10-regular]:!
Missing character: There is no л (U+043B) in font [lmmono10-regular]:!
Missing character: There is no о (U+043E) in font [lmmono10-regular]:!
Missing character: There is no П (U+041F) in font [lmmono10-regular]:!
Missing character: There is no е (U+0435) in font [lmmono10-regular]:!
Missing character: There is no р (U+0440) in font [lmmono10-regular]:!
Missing character: There is no е (U+0435) in font [lmmono10-regular]:!
Missing character: There is no х (U+0445) in font [lmmono10-regular]:!
Missing character: There is no о (U+043E) in font [lmmono10-regular]:!
Missing character: There is no д (U+0434) in font [lmmono10-regular]:!
Missing character: There is no и (U+0438) in font [lmmono10-regular]:!
Missing character: There is no м (U+043C) in font [lmmono10-regular]:!
Missing character: There is no к (U+043A) in font [lmmono10-regular]:!
Missing character: There is no с (U+0441) in font [lmmono10-regular]:!
Missing character: There is no л (U+043B) in font [lmmono10-regular]:!
Missing character: There is no е (U+0435) in font [lmmono10-regular]:!
Missing character: There is no д (U+0434) in font [lmmono10-regular]:!
Missing character: There is no у (U+0443) in font [lmmono10-regular]:!
Missing character: There is no ю (U+044E) in font [lmmono10-regular]:!
Missing character: There is no щ (U+0449) in font [lmmono10-regular]:!
Missing character: There is no е (U+0435) in font [lmmono10-regular]:!
Missing character: There is no м (U+043C) in font [lmmono10-regular]:!
Missing character: There is no у (U+0443) in font [lmmono10-regular]:!
Missing character: There is no ш (U+0448) in font [lmmono10-regular]:!
Missing character: There is no а (U+0430) in font [lmmono10-regular]:!
Missing character: There is no г (U+0433) in font [lmmono10-regular]:!
Missing character: There is no у (U+0443) in font [lmmono10-regular]:!
Missing character: There is no ч (U+0447) in font [lmmono10-regular]:!
Missing character: There is no е (U+0435) in font [lmmono10-regular]:!
Missing character: There is no р (U+0440) in font [lmmono10-regular]:!
Missing character: There is no е (U+0435) in font [lmmono10-regular]:!
Missing character: There is no з (U+0437) in font [lmmono10-regular]:!
Missing character: There is no Н (U+041D) in font [lmmono10-regular]:!
Missing character: There is no е (U+0435) in font [lmmono10-regular]:!
Missing character: There is no т (U+0442) in font [lmmono10-regular]:!
Missing character: There is no б (U+0431) in font [lmmono10-regular]:!
Missing character: There is no о (U+043E) in font [lmmono10-regular]:!
Missing character: There is no л (U+043B) in font [lmmono10-regular]:!
Missing character: There is no ь (U+044C) in font [lmmono10-regular]:!
Missing character: There is no ш (U+0448) in font [lmmono10-regular]:!
Missing character: There is no е (U+0435) in font [lmmono10-regular]:!
Missing character: There is no п (U+043F) in font [lmmono10-regular]:!
Missing character: There is no р (U+0440) in font [lmmono10-regular]:!
Missing character: There is no и (U+0438) in font [lmmono10-regular]:!
Missing character: There is no м (U+043C) in font [lmmono10-regular]:!
Missing character: There is no е (U+0435) in font [lmmono10-regular]:!
Missing character: There is no н (U+043D) in font [lmmono10-regular]:!
Missing character: There is no и (U+0438) in font [lmmono10-regular]:!
Missing character: There is no м (U+043C) in font [lmmono10-regular]:!
Missing character: There is no ы (U+044B) in font [lmmono10-regular]:!
Missing character: There is no х (U+0445) in font [lmmono10-regular]:!
Missing character: There is no п (U+043F) in font [lmmono10-regular]:!
Missing character: There is no р (U+0440) in font [lmmono10-regular]:!
Missing character: There is no а (U+0430) in font [lmmono10-regular]:!
Missing character: There is no в (U+0432) in font [lmmono10-regular]:!
Missing character: There is no и (U+0438) in font [lmmono10-regular]:!
Missing character: There is no л (U+043B) in font [lmmono10-regular]:!
Missing character: There is no А (U+0410) in font [lmmono10-regular]:!
Missing character: There is no н (U+043D) in font [lmmono10-regular]:!
Missing character: There is no и (U+0438) in font [lmmono10-regular]:!
Missing character: There is no м (U+043C) in font [lmmono10-regular]:!
Missing character: There is no а (U+0430) in font [lmmono10-regular]:!
Missing character: There is no ц (U+0446) in font [lmmono10-regular]:!
Missing character: There is no и (U+0438) in font [lmmono10-regular]:!
Missing character: There is no я (U+044F) in font [lmmono10-regular]:!
Missing character: There is no в (U+0432) in font [lmmono10-regular]:!
Missing character: There is no ы (U+044B) in font [lmmono10-regular]:!
Missing character: There is no к (U+043A) in font [lmmono10-regular]:!
Missing character: There is no л (U+043B) in font [lmmono10-regular]:!
Missing character: There is no ю (U+044E) in font [lmmono10-regular]:!
Missing character: There is no ч (U+0447) in font [lmmono10-regular]:!
Missing character: There is no е (U+0435) in font [lmmono10-regular]:!
Missing character: There is no н (U+043D) in font [lmmono10-regular]:!
Missing character: There is no а (U+0430) in font [lmmono10-regular]:!
Missing character: There is no в (U+0432) in font [lmmono10-regular]:!
Missing character: There is no с (U+0441) in font [lmmono10-regular]:!
Missing character: There is no е (U+0435) in font [lmmono10-regular]:!
Missing character: There is no с (U+0441) in font [lmmono10-regular]:!
Missing character: There is no р (U+0440) in font [lmmono10-regular]:!
Missing character: There is no а (U+0430) in font [lmmono10-regular]:!
Missing character: There is no з (U+0437) in font [lmmono10-regular]:!
Missing character: There is no у (U+0443) in font [lmmono10-regular]:!
Missing character: There is no п (U+043F) in font [lmmono10-regular]:!
Missing character: There is no р (U+0440) in font [lmmono10-regular]:!
Missing character: There is no а (U+0430) in font [lmmono10-regular]:!
Missing character: There is no в (U+0432) in font [lmmono10-regular]:!
Missing character: There is no и (U+0438) in font [lmmono10-regular]:!
Missing character: There is no л (U+043B) in font [lmmono10-regular]:!
Missing character: There is no о (U+043E) in font [lmmono10-regular]:!
[38]
Missing character: There is no К (U+041A) in font [lmmono10-regular]:!
Missing character: There is no н (U+043D) in font [lmmono10-regular]:!
Missing character: There is no о (U+043E) in font [lmmono10-regular]:!
Missing character: There is no п (U+043F) in font [lmmono10-regular]:!
Missing character: There is no к (U+043A) in font [lmmono10-regular]:!
Missing character: There is no и (U+0438) in font [lmmono10-regular]:!
Missing character: There is no 📂 (U+1F4C2) in font [lmmono10-regular]:!
Missing character: There is no З (U+0417) in font [lmmono10-regular]:!
Missing character: There is no а (U+0430) in font [lmmono10-regular]:!
Missing character: There is no г (U+0433) in font [lmmono10-regular]:!
Missing character: There is no р (U+0440) in font [lmmono10-regular]:!
Missing character: There is no у (U+0443) in font [lmmono10-regular]:!
Missing character: There is no з (U+0437) in font [lmmono10-regular]:!
Missing character: There is no и (U+0438) in font [lmmono10-regular]:!
Missing character: There is no т (U+0442) in font [lmmono10-regular]:!
Missing character: There is no ь (U+044C) in font [lmmono10-regular]:!
Missing character: There is no п (U+043F) in font [lmmono10-regular]:!
Missing character: There is no р (U+0440) in font [lmmono10-regular]:!
Missing character: There is no а (U+0430) in font [lmmono10-regular]:!
Missing character: There is no в (U+0432) in font [lmmono10-regular]:!
Missing character: There is no и (U+0438) in font [lmmono10-regular]:!
Missing character: There is no л (U+043B) in font [lmmono10-regular]:!
Missing character: There is no а (U+0430) in font [lmmono10-regular]:!
Missing character: There is no 📝 (U+1F4DD) in font [lmmono10-regular]:!
Missing character: There is no Р (U+0420) in font [lmmono10-regular]:!
Missing character: There is no у (U+0443) in font [lmmono10-regular]:!
Missing character: There is no ч (U+0447) in font [lmmono10-regular]:!
Missing character: There is no н (U+043D) in font [lmmono10-regular]:!
Missing character: There is no о (U+043E) in font [lmmono10-regular]:!
Missing character: There is no й (U+0439) in font [lmmono10-regular]:!
Missing character: There is no в (U+0432) in font [lmmono10-regular]:!
Missing character: There is no в (U+0432) in font [lmmono10-regular]:!
Missing character: There is no о (U+043E) in font [lmmono10-regular]:!
Missing character: There is no д (U+0434) in font [lmmono10-regular]:!
Missing character: There is no А (U+0410) in font [lmmono10-regular]:!
Missing character: There is no н (U+043D) in font [lmmono10-regular]:!
Missing character: There is no и (U+0438) in font [lmmono10-regular]:!
Missing character: There is no м (U+043C) in font [lmmono10-regular]:!
Missing character: There is no а (U+0430) in font [lmmono10-regular]:!
Missing character: There is no ц (U+0446) in font [lmmono10-regular]:!
Missing character: There is no и (U+0438) in font [lmmono10-regular]:!
Missing character: There is no я (U+044F) in font [lmmono10-regular]:!
Missing character: There is no ▶ (U+25B6) in font [lmmono10-regular]:!
Missing character: There is no ️ (U+FE0F) in font [lmmono10-regular]:!
Missing character: There is no З (U+0417) in font [lmmono10-regular]:!
Missing character: There is no а (U+0430) in font [lmmono10-regular]:!
Missing character: There is no п (U+043F) in font [lmmono10-regular]:!
Missing character: There is no у (U+0443) in font [lmmono10-regular]:!
Missing character: There is no с (U+0441) in font [lmmono10-regular]:!
Missing character: There is no т (U+0442) in font [lmmono10-regular]:!
Missing character: There is no и (U+0438) in font [lmmono10-regular]:!
Missing character: There is no т (U+0442) in font [lmmono10-regular]:!
Missing character: There is no ь (U+044C) in font [lmmono10-regular]:!
Missing character: There is no П (U+041F) in font [lmmono10-regular]:!
Missing character: There is no о (U+043E) in font [lmmono10-regular]:!
Missing character: There is no л (U+043B) in font [lmmono10-regular]:!
Missing character: There is no е (U+0435) in font [lmmono10-regular]:!
Missing character: There is no в (U+0432) in font [lmmono10-regular]:!
Missing character: There is no ы (U+044B) in font [lmmono10-regular]:!
Missing character: There is no в (U+0432) in font [lmmono10-regular]:!
Missing character: There is no о (U+043E) in font [lmmono10-regular]:!
Missing character: There is no д (U+0434) in font [lmmono10-regular]:!
Missing character: There is no а (U+0430) in font [lmmono10-regular]:!
Missing character: There is no Ш (U+0428) in font [lmmono10-regular]:!
Missing character: There is no а (U+0430) in font [lmmono10-regular]:!
Missing character: There is no г (U+0433) in font [lmmono10-regular]:!
Missing character: There is no и (U+0438) in font [lmmono10-regular]:!
Missing character: There is no в (U+0432) in font [lmmono10-regular]:!
Missing character: There is no ы (U+044B) in font [lmmono10-regular]:!
Missing character: There is no п (U+043F) in font [lmmono10-regular]:!
Missing character: There is no о (U+043E) in font [lmmono10-regular]:!
Missing character: There is no л (U+043B) in font [lmmono10-regular]:!
Missing character: There is no н (U+043D) in font [lmmono10-regular]:!
Missing character: There is no е (U+0435) in font [lmmono10-regular]:!
Missing character: There is no н (U+043D) in font [lmmono10-regular]:!
Missing character: There is no и (U+0438) in font [lmmono10-regular]:!
Missing character: There is no я (U+044F) in font [lmmono10-regular]:!
Missing character: There is no а (U+0430) in font [lmmono10-regular]:!
Missing character: There is no л (U+043B) in font [lmmono10-regular]:!
Missing character: There is no г (U+0433) in font [lmmono10-regular]:!
Missing character: There is no о (U+043E) in font [lmmono10-regular]:!
Missing character: There is no р (U+0440) in font [lmmono10-regular]:!
Missing character: There is no и (U+0438) in font [lmmono10-regular]:!
Missing character: There is no т (U+0442) in font [lmmono10-regular]:!
Missing character: There is no м (U+043C) in font [lmmono10-regular]:!
Missing character: There is no а (U+0430) in font [lmmono10-regular]:!
Missing character: There is no О (U+041E) in font [lmmono10-regular]:!
Missing character: There is no с (U+0441) in font [lmmono10-regular]:!
Missing character: There is no н (U+043D) in font [lmmono10-regular]:!
Missing character: There is no о (U+043E) in font [lmmono10-regular]:!
Missing character: There is no в (U+0432) in font [lmmono10-regular]:!
Missing character: There is no н (U+043D) in font [lmmono10-regular]:!
Missing character: There is no о (U+043E) in font [lmmono10-regular]:!
Missing character: There is no й (U+0439) in font [lmmono10-regular]:!
Missing character: There is no ц (U+0446) in font [lmmono10-regular]:!
Missing character: There is no и (U+0438) in font [lmmono10-regular]:!
Missing character: There is no к (U+043A) in font [lmmono10-regular]:!
Missing character: There is no л (U+043B) in font [lmmono10-regular]:!
Missing character: There is no ш (U+0448) in font [lmmono10-regular]:!
Missing character: There is no о (U+043E) in font [lmmono10-regular]:!
Missing character: There is no у (U+0443) in font [lmmono10-regular]:!
Missing character: There is no м (U+043C) in font [lmmono10-regular]:!
Missing character: There is no е (U+0435) in font [lmmono10-regular]:!
Missing character: There is no н (U+043D) in font [lmmono10-regular]:!
Missing character: There is no ю (U+044E) in font [lmmono10-regular]:!
Missing character: There is no в (U+0432) in font [lmmono10-regular]:!
Missing character: There is no ы (U+044B) in font [lmmono10-regular]:!
Missing character: There is no б (U+0431) in font [lmmono10-regular]:!
Missing character: There is no о (U+043E) in font [lmmono10-regular]:!
Missing character: There is no р (U+0440) in font [lmmono10-regular]:!
Missing character: There is no з (U+0437) in font [lmmono10-regular]:!
Missing character: There is no а (U+0430) in font [lmmono10-regular]:!
Missing character: There is no г (U+0433) in font [lmmono10-regular]:!
Missing character: There is no р (U+0440) in font [lmmono10-regular]:!
Missing character: There is no у (U+0443) in font [lmmono10-regular]:!
Missing character: There is no з (U+0437) in font [lmmono10-regular]:!
Missing character: There is no к (U+043A) in font [lmmono10-regular]:!
Missing character: There is no и (U+0438) in font [lmmono10-regular]:!
Missing character: There is no п (U+043F) in font [lmmono10-regular]:!
Missing character: There is no р (U+0440) in font [lmmono10-regular]:!
Missing character: There is no а (U+0430) in font [lmmono10-regular]:!
Missing character: There is no в (U+0432) in font [lmmono10-regular]:!
Missing character: There is no и (U+0438) in font [lmmono10-regular]:!
Missing character: There is no л (U+043B) in font [lmmono10-regular]:!
Missing character: There is no и (U+0438) in font [lmmono10-regular]:!
Missing character: There is no з (U+0437) in font [lmmono10-regular]:!
Missing character: There is no ф (U+0444) in font [lmmono10-regular]:!
Missing character: There is no а (U+0430) in font [lmmono10-regular]:!
Missing character: There is no й (U+0439) in font [lmmono10-regular]:!
Missing character: There is no л (U+043B) in font [lmmono10-regular]:!
Missing character: There is no а (U+0430) in font [lmmono10-regular]:!
Missing character: There is no п (U+043F) in font [lmmono10-regular]:!
Missing character: There is no о (U+043E) in font [lmmono10-regular]:!
Missing character: There is no л (U+043B) in font [lmmono10-regular]:!
Missing character: There is no ь (U+044C) in font [lmmono10-regular]:!
Missing character: There is no з (U+0437) in font [lmmono10-regular]:!
Missing character: There is no о (U+043E) in font [lmmono10-regular]:!
Missing character: There is no в (U+0432) in font [lmmono10-regular]:!
Missing character: There is no а (U+0430) in font [lmmono10-regular]:!
Missing character: There is no т (U+0442) in font [lmmono10-regular]:!
Missing character: There is no е (U+0435) in font [lmmono10-regular]:!
Missing character: There is no л (U+043B) in font [lmmono10-regular]:!
Missing character: There is no ь (U+044C) in font [lmmono10-regular]:!
Missing character: There is no в (U+0432) in font [lmmono10-regular]:!
Missing character: There is no ы (U+044B) in font [lmmono10-regular]:!
Missing character: There is no б (U+0431) in font [lmmono10-regular]:!
Missing character: There is no р (U+0440) in font [lmmono10-regular]:!
Missing character: There is no а (U+0430) in font [lmmono10-regular]:!
Missing character: There is no л (U+043B) in font [lmmono10-regular]:!
Missing character: There is no р (U+0440) in font [lmmono10-regular]:!
Missing character: There is no у (U+0443) in font [lmmono10-regular]:!
Missing character: There is no ч (U+0447) in font [lmmono10-regular]:!
Missing character: There is no н (U+043D) in font [lmmono10-regular]:!
Missing character: There is no о (U+043E) in font [lmmono10-regular]:!
Missing character: There is no й (U+0439) in font [lmmono10-regular]:!
Missing character: There is no в (U+0432) in font [lmmono10-regular]:!
Missing character: There is no в (U+0432) in font [lmmono10-regular]:!
Missing character: There is no о (U+043E) in font [lmmono10-regular]:!
Missing character: There is no д (U+0434) in font [lmmono10-regular]:!
Missing character: There is no п (U+043F) in font [lmmono10-regular]:!
Missing character: There is no р (U+0440) in font [lmmono10-regular]:!
Missing character: There is no а (U+0430) in font [lmmono10-regular]:!
Missing character: There is no в (U+0432) in font [lmmono10-regular]:!
Missing character: There is no и (U+0438) in font [lmmono10-regular]:!
Missing character: There is no л (U+043B) in font [lmmono10-regular]:!
Missing character: There is no в (U+0432) in font [lmmono10-regular]:!
Missing character: There is no ы (U+044B) in font [lmmono10-regular]:!
Missing character: There is no х (U+0445) in font [lmmono10-regular]:!
Missing character: There is no о (U+043E) in font [lmmono10-regular]:!
Missing character: There is no д (U+0434) in font [lmmono10-regular]:!
Missing character: There is no 👋 (U+1F44B) in font [lmmono10-regular]:!
Missing character: There is no З (U+0417) in font [lmmono10-regular]:!
Missing character: There is no а (U+0430) in font [lmmono10-regular]:!
Missing character: There is no в (U+0432) in font [lmmono10-regular]:!
Missing character: There is no е (U+0435) in font [lmmono10-regular]:!
Missing character: There is no р (U+0440) in font [lmmono10-regular]:!
Missing character: There is no ш (U+0448) in font [lmmono10-regular]:!
Missing character: There is no е (U+0435) in font [lmmono10-regular]:!
Missing character: There is no н (U+043D) in font [lmmono10-regular]:!
Missing character: There is no и (U+0438) in font [lmmono10-regular]:!
Missing character: There is no е (U+0435) in font [lmmono10-regular]:!
Missing character: There is no р (U+0440) in font [lmmono10-regular]:!
Missing character: There is no а (U+0430) in font [lmmono10-regular]:!
Missing character: There is no б (U+0431) in font [lmmono10-regular]:!
Missing character: There is no о (U+043E) in font [lmmono10-regular]:!
Missing character: There is no т (U+0442) in font [lmmono10-regular]:!
Missing character: There is no ы (U+044B) in font [lmmono10-regular]:!
[39]
Missing character: There is no н (U+043D) in font [lmmono10-regular]:!
Missing character: There is no е (U+0435) in font [lmmono10-regular]:!
Missing character: There is no к (U+043A) in font [lmmono10-regular]:!
Missing character: There is no о (U+043E) in font [lmmono10-regular]:!
Missing character: There is no р (U+0440) in font [lmmono10-regular]:!
Missing character: There is no р (U+0440) in font [lmmono10-regular]:!
Missing character: There is no е (U+0435) in font [lmmono10-regular]:!
Missing character: There is no к (U+043A) in font [lmmono10-regular]:!
Missing character: There is no т (U+0442) in font [lmmono10-regular]:!
Missing character: There is no н (U+043D) in font [lmmono10-regular]:!
Missing character: There is no ы (U+044B) in font [lmmono10-regular]:!
Missing character: There is no й (U+0439) in font [lmmono10-regular]:!
Missing character: There is no в (U+0432) in font [lmmono10-regular]:!
Missing character: There is no в (U+0432) in font [lmmono10-regular]:!
Missing character: There is no о (U+043E) in font [lmmono10-regular]:!
Missing character: There is no д (U+0434) in font [lmmono10-regular]:!
Missing character: There is no ❌ (U+274C) in font [lmmono10-regular]:!
Missing character: There is no Н (U+041D) in font [lmmono10-regular]:!
Missing character: There is no е (U+0435) in font [lmmono10-regular]:!
Missing character: There is no в (U+0432) in font [lmmono10-regular]:!
Missing character: There is no е (U+0435) in font [lmmono10-regular]:!
Missing character: There is no р (U+0440) in font [lmmono10-regular]:!
Missing character: There is no н (U+043D) in font [lmmono10-regular]:!
Missing character: There is no ы (U+044B) in font [lmmono10-regular]:!
Missing character: There is no й (U+0439) in font [lmmono10-regular]:!
Missing character: There is no в (U+0432) in font [lmmono10-regular]:!
Missing character: There is no ы (U+044B) in font [lmmono10-regular]:!
Missing character: There is no б (U+0431) in font [lmmono10-regular]:!
Missing character: There is no о (U+043E) in font [lmmono10-regular]:!
Missing character: There is no р (U+0440) in font [lmmono10-regular]:!
Missing character: There is no п (U+043F) in font [lmmono10-regular]:!
Missing character: There is no р (U+0440) in font [lmmono10-regular]:!
Missing character: There is no о (U+043E) in font [lmmono10-regular]:!
Missing character: There is no в (U+0432) in font [lmmono10-regular]:!
Missing character: There is no е (U+0435) in font [lmmono10-regular]:!
Missing character: There is no р (U+0440) in font [lmmono10-regular]:!
Missing character: There is no к (U+043A) in font [lmmono10-regular]:!
Missing character: There is no а (U+0430) in font [lmmono10-regular]:!
Missing character: There is no е (U+0435) in font [lmmono10-regular]:!
Missing character: There is no с (U+0441) in font [lmmono10-regular]:!
Missing character: There is no т (U+0442) in font [lmmono10-regular]:!
Missing character: There is no ь (U+044C) in font [lmmono10-regular]:!
Missing character: There is no л (U+043B) in font [lmmono10-regular]:!
Missing character: There is no и (U+0438) in font [lmmono10-regular]:!
Missing character: There is no п (U+043F) in font [lmmono10-regular]:!
Missing character: There is no р (U+0440) in font [lmmono10-regular]:!
Missing character: There is no а (U+0430) in font [lmmono10-regular]:!
Missing character: There is no в (U+0432) in font [lmmono10-regular]:!
Missing character: There is no и (U+0438) in font [lmmono10-regular]:!
Missing character: There is no л (U+043B) in font [lmmono10-regular]:!
Missing character: There is no а (U+0430) in font [lmmono10-regular]:!
Missing character: There is no ⚠ (U+26A0) in font [lmmono10-regular]:!
Missing character: There is no ️ (U+FE0F) in font [lmmono10-regular]:!
Missing character: There is no Н (U+041D) in font [lmmono10-regular]:!
Missing character: There is no е (U+0435) in font [lmmono10-regular]:!
Missing character: There is no т (U+0442) in font [lmmono10-regular]:!
Missing character: There is no з (U+0437) in font [lmmono10-regular]:!
Missing character: There is no а (U+0430) in font [lmmono10-regular]:!
Missing character: There is no г (U+0433) in font [lmmono10-regular]:!
Missing character: There is no р (U+0440) in font [lmmono10-regular]:!
Missing character: There is no у (U+0443) in font [lmmono10-regular]:!
Missing character: There is no ж (U+0436) in font [lmmono10-regular]:!
Missing character: There is no е (U+0435) in font [lmmono10-regular]:!
Missing character: There is no н (U+043D) in font [lmmono10-regular]:!
Missing character: There is no н (U+043D) in font [lmmono10-regular]:!
Missing character: There is no ы (U+044B) in font [lmmono10-regular]:!
Missing character: There is no х (U+0445) in font [lmmono10-regular]:!
Missing character: There is no п (U+043F) in font [lmmono10-regular]:!
Missing character: There is no р (U+0440) in font [lmmono10-regular]:!
Missing character: There is no а (U+0430) in font [lmmono10-regular]:!
Missing character: There is no в (U+0432) in font [lmmono10-regular]:!
Missing character: There is no и (U+0438) in font [lmmono10-regular]:!
Missing character: There is no л (U+043B) in font [lmmono10-regular]:!
Missing character: There is no В (U+0412) in font [lmmono10-regular]:!
Missing character: There is no в (U+0432) in font [lmmono10-regular]:!
Missing character: There is no е (U+0435) in font [lmmono10-regular]:!
Missing character: There is no д (U+0434) in font [lmmono10-regular]:!
Missing character: There is no и (U+0438) in font [lmmono10-regular]:!
Missing character: There is no т (U+0442) in font [lmmono10-regular]:!
Missing character: There is no е (U+0435) in font [lmmono10-regular]:!
Missing character: There is no и (U+0438) in font [lmmono10-regular]:!
Missing character: There is no с (U+0441) in font [lmmono10-regular]:!
Missing character: There is no х (U+0445) in font [lmmono10-regular]:!
Missing character: There is no о (U+043E) in font [lmmono10-regular]:!
Missing character: There is no д (U+0434) in font [lmmono10-regular]:!
Missing character: There is no н (U+043D) in font [lmmono10-regular]:!
Missing character: There is no у (U+0443) in font [lmmono10-regular]:!
Missing character: There is no ю (U+044E) in font [lmmono10-regular]:!
Missing character: There is no с (U+0441) in font [lmmono10-regular]:!
Missing character: There is no т (U+0442) in font [lmmono10-regular]:!
Missing character: There is no р (U+0440) in font [lmmono10-regular]:!
Missing character: There is no о (U+043E) in font [lmmono10-regular]:!
Missing character: There is no к (U+043A) in font [lmmono10-regular]:!
Missing character: There is no у (U+0443) in font [lmmono10-regular]:!
Missing character: There is no В (U+0412) in font [lmmono10-regular]:!
Missing character: There is no к (U+043A) in font [lmmono10-regular]:!
Missing character: There is no л (U+043B) in font [lmmono10-regular]:!
Missing character: There is no ю (U+044E) in font [lmmono10-regular]:!
Missing character: There is no ч (U+0447) in font [lmmono10-regular]:!
Missing character: There is no и (U+0438) in font [lmmono10-regular]:!
Missing character: There is no т (U+0442) in font [lmmono10-regular]:!
Missing character: There is no ь (U+044C) in font [lmmono10-regular]:!
Missing character: There is no а (U+0430) in font [lmmono10-regular]:!
Missing character: There is no н (U+043D) in font [lmmono10-regular]:!
Missing character: There is no и (U+0438) in font [lmmono10-regular]:!
Missing character: There is no м (U+043C) in font [lmmono10-regular]:!
Missing character: There is no а (U+0430) in font [lmmono10-regular]:!
Missing character: There is no ц (U+0446) in font [lmmono10-regular]:!
Missing character: There is no и (U+0438) in font [lmmono10-regular]:!
Missing character: There is no ю (U+044E) in font [lmmono10-regular]:!
Missing character: There is no з (U+0437) in font [lmmono10-regular]:!
Missing character: There is no а (U+0430) in font [lmmono10-regular]:!
Missing character: There is no п (U+043F) in font [lmmono10-regular]:!
Missing character: There is no у (U+0443) in font [lmmono10-regular]:!
Missing character: There is no с (U+0441) in font [lmmono10-regular]:!
Missing character: There is no к (U+043A) in font [lmmono10-regular]:!
Missing character: There is no 🏁 (U+1F3C1) in font [lmmono10-regular]:!
Missing character: There is no Р (U+0420) in font [lmmono10-regular]:!
Missing character: There is no е (U+0435) in font [lmmono10-regular]:!
Missing character: There is no з (U+0437) in font [lmmono10-regular]:!
Missing character: There is no у (U+0443) in font [lmmono10-regular]:!
Missing character: There is no л (U+043B) in font [lmmono10-regular]:!
Missing character: There is no ь (U+044C) in font [lmmono10-regular]:!
Missing character: There is no т (U+0442) in font [lmmono10-regular]:!
Missing character: There is no а (U+0430) in font [lmmono10-regular]:!
Missing character: There is no т (U+0442) in font [lmmono10-regular]:!
Missing character: There is no Н (U+041D) in font [lmmono10-regular]:!
Missing character: There is no а (U+0430) in font [lmmono10-regular]:!
Missing character: There is no ж (U+0436) in font [lmmono10-regular]:!
Missing character: There is no м (U+043C) in font [lmmono10-regular]:!
Missing character: There is no и (U+0438) in font [lmmono10-regular]:!
Missing character: There is no т (U+0442) in font [lmmono10-regular]:!
Missing character: There is no е (U+0435) in font [lmmono10-regular]:!
Missing character: There is no ч (U+0447) in font [lmmono10-regular]:!
Missing character: There is no т (U+0442) in font [lmmono10-regular]:!
Missing character: There is no о (U+043E) in font [lmmono10-regular]:!
Missing character: There is no б (U+0431) in font [lmmono10-regular]:!
Missing character: There is no ы (U+044B) in font [lmmono10-regular]:!
Missing character: There is no в (U+0432) in font [lmmono10-regular]:!
Missing character: There is no е (U+0435) in font [lmmono10-regular]:!
Missing character: There is no р (U+0440) in font [lmmono10-regular]:!
Missing character: There is no н (U+043D) in font [lmmono10-regular]:!
Missing character: There is no у (U+0443) in font [lmmono10-regular]:!
Missing character: There is no т (U+0442) in font [lmmono10-regular]:!
Missing character: There is no ь (U+044C) in font [lmmono10-regular]:!
Missing character: There is no с (U+0441) in font [lmmono10-regular]:!
Missing character: There is no я (U+044F) in font [lmmono10-regular]:!
Missing character: There is no в (U+0432) in font [lmmono10-regular]:!
Missing character: There is no м (U+043C) in font [lmmono10-regular]:!
Missing character: There is no е (U+0435) in font [lmmono10-regular]:!
Missing character: There is no н (U+043D) in font [lmmono10-regular]:!
Missing character: There is no ю (U+044E) in font [lmmono10-regular]:!
) [40] (./main.aux)
 ***********
LaTeX2e <2025-11-01>
L3 programming layer <2025-10-24>
 ***********


LaTeX Font Warning: Some font shapes were not available, defaults substituted.

Package rerunfilecheck Info: File `main.out' has not changed.
(rerunfilecheck)             Checksum: CE01E65F9BAF8BC649B86FB6111911C7;12318.
 ) 
Here is how much of TeX's memory you used:
 18507 strings out of 468178
 344423 string characters out of 5436862
 1232363 words of memory out of 5000000
 46928 multiletter control sequences out of 15000+600000
 631686 words of font info for 78 fonts, out of 8000000 for 9000
 1348 hyphenation exceptions out of 8191
 93i,9n,110p,1486b,1871s stack positions out of 10000i,1000n,20000p,200000b,200000s

Output written on main.pdf (40 pages).
